ministry,sector,project_name,agency,sl_no,state,approval_date,start_date,target_doc,revised_doc,original_cost_cr,revised_cost_cr,cumulative_expenditure_cr,physical_progress_pct,cost_overrun_pct,report_month
Ministry of Labour and Employment,Healthcare,"Construction of 200 bedded ESIC Hospital with 62 Nos Staff quarters , Beltola",(Employee's State Insurance Company [ESIC]),481,Assam,12/2017,10/2021,04/2025,06/2026,143.23,154.75,130.08,98.0,8.0430077497731,2026-04
Ministry of Housing & Urban Affairs,Construction,Solapur Sewerage Management Infrastructure Project,(Ministry of Housing & Urban Affairs),303,Maharashtra,03/2017,04/2018,03/2023,06/2026,180.24,180.24,172.22,98.0,0.0,2026-04
Ministry of Petroleum & Natural Gas,Energy Storage,Pipeline Replacement Project- PRP-IX,(Ministry of Petroleum & Natural Gas),434,Offshore,08/2025,08/2025,05/2027,,6175.0,6175.0,520.71,11.3,0.0,2026-04
Ministry of Petroleum & Natural Gas,Energy Storage,"Guwahati Refinery Expansion [1.0 to 1.2 MMTPA] along with installation of CRU, Guwahati Refinery",(Ministry of Petroleum & Natural Gas),366,Assam,05/2021,05/2021,10/2023,05/2026,412.3,577.0,457.64,94.9,39.94664079553723,2026-04
Ministry of Housing & Urban Affairs,Construction,Mira-Bhayandar Water Supply Infrastructure Project,(Ministry of Housing & Urban Affairs),301,Maharashtra,11/2016,08/2018,03/2023,05/2026,204.55,204.55,186.13,99.0,0.0,2026-04
Ministry of Coal,Coal,KARO EXPANSION OCP,(Ministry of Coal),45,Jharkhand,01/2022,01/2022,03/2029,,908.47,908.47,289.45,23.57,0.0,2026-04
Ministry of Petroleum & Natural Gas,Energy Storage,"CGD Project in Malda, Birbhum, Murshidabad, Dakshin Dinajpur GA ID 11A.03",(Hindustan Petroleum Corporation Limited),454,West Bengal,06/2022,06/2022,06/2030,06/2030,2628.0,2628.0,388.06,36.3,0.0,2026-04
Ministry of Health & Family Welfare,Healthcare,Establishment of new GMC Kapurthala,"(Medical Education, Ministry of Health and Family Welfare)",473,Punjab,11/2019,07/2027,12/2028,,325.0,550.0,0.0,0.0,69.23076923076923,2026-04
Ministry of Coal,Coal,KONAR EXPANSION OCP,(Ministry of Coal),44,Jharkhand,01/2022,01/2022,03/2032,,799.34,799.34,433.64,53.47,0.0,2026-04
Ministry of Health & Family Welfare,Healthcare,Establishment of new GMC Jamui,"(Medical Education, Ministry of Health and Family Welfare)",458,Bihar,03/2019,10/2022,10/2025,,250.0,500.0,102.21,50.0,100.0,2026-04
Ministry of Coal,Coal,EPR ASHOK OC,(Ministry of Coal),54,Jharkhand,05/2021,05/2021,03/2031,,2898.28,2898.28,185.19,28.85,0.0,2026-04
Ministry of Power,Coal,Transmission system for evacuation of power from REZ in Rajasthan 20 GW under Phase-III part H,(Power Grid Corporation of India Limited [POWERGRID]),247,Rajasthan,10/2023,10/2023,04/2025,06/2026,1910.0,1910.0,1851.81,98.33,0.0,2026-04
Ministry of Road Transport & Highways,Roads & Highways,Tumkur - Nelamangala 6L,(National Highways Authority of India [NHAI]),1217,Karnataka,03/2021,08/2022,08/2025,03/2027,2032.15,1664.2,580.01,59.83,-18.10643899318456,2026-04
Ministry of Housing & Urban Affairs,Construction,Ahmedabad Metro Rail Project [Phase-I],(Gujarat Metro Rail Corporation Limited [GMRCL]),267,Gujarat,11/2014,02/2015,03/2018,05/2026,10773.0,12924.5,12520.65,99.99,19.971224357189268,2026-04
Ministry of Road Transport & Highways,Roads & Highways,Sardar Sarovar CADWM Project,"(Narmada and Water Resources, Water Supply and Kalpsar Department-GJ)",1948,Gujarat,04/2017,04/2017,12/2019,03/2026,5021.76,6670.31,4956.98,90.3,32.82813196966801,2026-04
Ministry of Coal,Coal,BASUNDHARA WEST EXTENSION OPEN,(MCL - CIL),118,Odisha,05/2014,05/2014,03/2019,03/2029,479.15,479.15,281.57,67.58,0.0,2026-04
Ministry of Road Transport & Highways,Roads & Highways,Saryu Nahar CADWM Project,(Irrigation & Water Resources-UP),1978,Uttar Pradesh,04/2017,04/2017,12/2019,03/2026,1672.7,1672.7,22.24,1.76,0.0,2026-04
Ministry of Coal,Coal,Ghatampur Thermal Power Plant 3 X 660 MW,(NLC India Limited [NLCIL]),152,Uttar Pradesh,07/2016,08/2016,11/2020,03/2026,17237.8,21780.9,21237.52,95.68,26.35545139170893,2026-04
Ministry of Road Transport & Highways,Roads & Highways,Jigaon Irrigation Project,(Department of water resources-MH - II),1959,Maharashtra,04/2017,04/2018,06/2028,,7222.95,7222.95,10516.63,92.0,0.0,2026-04
Ministry of Road Transport & Highways,Roads & Highways,Purna Barrage-2 [Ner Dhamana] Medium Irrigation Project,(Department of water resources-MH - II),1958,Maharashtra,04/2017,04/2018,06/2020,06/2026,848.07,888.43,690.49,69.63,4.759041116888924,2026-04
Ministry of Labour and Employment,Healthcare,"Construction of 200 Bedded [Upgradable to 500 Bedded including 50 beds of SST] ESIC Hospital at Bibewadi, Pune",(Employee's State Insurance Company [ESIC]),486,Maharashtra,05/2018,03/2023,09/2025,08/2026,429.25,429.25,341.9,78.0,0.0,2026-04
Ministry of Road Transport & Highways,Roads & Highways,Urmodi Irrigation Project,(Department of water resources-MH - II),1956,Maharashtra,04/2017,04/2018,06/2022,12/2026,580.79,895.81,713.46,76.22,54.23991459908056,2026-04
Ministry of Road Transport & Highways,Roads & Highways,Omkareshwar CADWM Project,(Water resource-mp),1952,Madhya Pradesh,04/2017,04/2017,12/2019,06/2027,648.09,648.09,208.06,49.78,0.0,2026-04
Ministry of Coal,Coal,SIDULI [OC & UG],(ECL - CIL),135,West Bengal,05/2018,05/2018,03/2027,03/2030,535.18,535.17,5.74,14.61,-0.0018685302141318,2026-04
Ministry of Road Transport & Highways,Roads & Highways,Sulwade-Jamphal-Kanoli Lift Irrigation Scheme,(Department of water resources-MH - II),1957,Maharashtra,04/2017,02/2019,06/2023,06/2027,2407.67,2407.67,2779.38,80.54,0.0,2026-04
Ministry of Road Transport & Highways,Roads & Highways,Gosikhurd CADWM Project,(Department of water resources-MH - II),1955,Maharashtra,04/2017,04/2017,12/2019,06/2026,743.73,743.73,459.06,53.93,0.0,2026-04
Ministry of Road Transport & Highways,Roads & Highways,Guwahati Ring Road in the State of Assam,(National Highways Authority of India [NHAI]),930,Assam,08/2024,01/2026,01/2030,01/2030,5729.47,5729.47,3.49,0.0,0.0,2026-05
Ministry of Civil Aviation,Aviation & Aviation Infrastructure,Goa Airport Terminal Building Extension Project,(Airport Authority of India [AAI]),8,Goa,11/2017,12/2019,12/2021,04/2026,255.69,255.69,158.78,100.0,0.0,2026-05
Ministry of Road Transport & Highways,Roads & Highways,Jaynagar-Narahia Section km 156.500 to km 219.945 Lot-III,(MoRTH),945,Bihar,02/2016,05/2016,11/2018,07/2026,553.3,706.39,0.0,99.0,27.66853424905116,2026-05
Ministry of Road Transport & Highways,Roads & Highways,Two laning with paved shoulders of Paderu to GundigudaSection of NH 516E,(MoRTH),822,Andhra Pradesh,08/2020,03/2021,03/2023,03/2024,222.61,222.61,122.52,100.0,0.0,2026-05
Ministry of Road Transport & Highways,Roads & Highways,Construction of bypass road to Adoni town connecting NH-167 Hagari - Jadcharla road from km.62/700 to 71/400 in Kurnool District in the State of Andhra Pradesh.,(MoRTH),797,Andhra Pradesh,03/2023,02/2024,11/2025,,242.0,242.0,78.49,95.94,0.0,2026-05
Ministry of Road Transport & Highways,Roads & Highways,Chakur Loha Section of NH-361 from km 114.600 to km 187.80,(National Highways Authority of India [NHAI]),1398,Maharashtra,03/2018,03/2019,03/2021,02/2024,1241.38,3342.11,785.13,100.0,169.2253782081232,2026-05
Ministry of Power,Coal,Transmission system for evacuation of power from REZ in Rajasthan 20 GW under Phase-III part C1,(Power Grid Corporation of India Limited [POWERGRID]),240,Rajasthan,10/2023,10/2023,04/2025,05/2026,1160.0,1160.0,1136.8,99.33,0.0,2026-05
Ministry of Coal,Coal,RPR MAGADH EXP OCP,(Ministry of Coal),50,Jharkhand,08/2020,08/2020,03/2028,,7254.37,7254.37,1692.65,39.3,0.0,2026-05
Ministry of Petroleum & Natural Gas,Energy Storage,ATF Pipeline from Jawaharlal Nehru Port Trust to Navi Mumbai International Airport,(Indian Oil Corporation Limited [IOCL]),406,Maharashtra,08/2022,08/2022,08/2025,06/2026,165.0,165.0,102.79,98.8,0.0,2026-05
Ministry of Coal,Coal,EPR PUNDI OCP,(Ministry of Coal),53,Jharkhand,11/2020,11/2020,03/2027,,713.35,713.35,236.58,10.19,0.0,2026-05
Ministry of Coal,Coal,EPR AMRAPALI OCP,(Ministry of Coal),55,Jharkhand,02/2020,02/2020,03/2028,,5136.15,5136.15,1326.08,43.58,0.0,2026-05
Ministry of Coal,Coal,JHARKHAND-LAIYO OCP,(Ministry of Coal),58,Jharkhand,08/2020,08/2020,03/2031,,764.57,764.57,145.81,29.39,0.0,2026-05
Ministry of Petroleum & Natural Gas,Energy Storage,HP TDAE Unit in Mumbai Refinery,(Hindustan Petroleum Corporation Limited),403,Maharashtra,06/2024,06/2024,04/2026,06/2026,240.0,240.0,152.75,92.0,0.0,2026-05
Ministry of Petroleum & Natural Gas,Energy Storage,"Grass Root Rail-fed Depot at Sekerkote, Agartala as resitement of existing Dharmanagar Depot",(Indian Oil Corporation Limited [IOCL]),350,Tripura,06/2022,06/2022,09/2025,06/2026,656.0,656.0,541.81,97.7,0.0,2026-05
Ministry of Health & Family Welfare,Healthcare,"Establishment of new GMC Leh (Medical Education, Ministry of Health and Family Welfare)                                                 NA                                   325 ()                (-)              (325) Establishment of new GMC Rajgarh","(Medical Education, Ministry of Health and Family Welfare)",468,Madhya Pradesh,12/2021,11/2022,04/2024,,325.0,325.0,179.0,84.0,0.0,2026-05
Ministry of Road Transport & Highways,Roads & Highways,Sitamarhi-Jaynagar Section km 79.400 to km 156.500 Lot-II,(MoRTH),944,Bihar,02/2016,06/2016,12/2018,07/2026,369.77,503.28,0.0,98.78,36.10622819590556,2026-05
Ministry of Coal,Coal,NORTH URIMARI EXPANSION OCP,(Ministry of Coal),51,Jharkhand,07/2021,07/2021,03/2029,,778.8,778.8,606.01,68.75,0.0,2026-05
Ministry of Coal,Coal,EPR ROHINI - KARKETTA OCP,(Ministry of Coal),52,Jharkhand,01/2021,01/2021,03/2028,,1020.42,1020.42,85.34,22.54,0.0,2026-05
"Ministry of Ports, Shipping and Waterways",Inland Waterways,Multi Modal Transport Hub [MMTH] Project at Boraki in Greater Noida - Infrastructure Development - Phase 1,(National Industrial Corridor Development Corporation),498,Uttar Pradesh,12/2020,11/2026,03/2030,,1480.0,1480.0,0.0,0.0,0.0,2026-05
Ministry of Power,Coal,Transmission system strengthening at Kurnool- III PS for integration of additional RE generation projects [POWERGRID Kurnool III PS RE Transmission Limited],(Power Grid Corporation of India Limited [POWERGRID]),183,Andhra Pradesh,03/2025,03/2025,12/2027,,2886.0,2886.0,721.5,29.34,0.0,2026-05
Ministry of Road Transport & Highways,Roads & Highways,Bemetara Bypass NH 30,(MoRTH),1004,Chhattisgarh,01/2024,04/2025,04/2027,04/2027,161.96,161.96,0.0,37.0,0.0,2026-05
Ministry of Road Transport & Highways,Roads & Highways,Dornala to Kunta Junction from Design Chainage Km 244000 to 267990 section of NH-765 Package-2,(MoRTH),803,Andhra Pradesh,12/2022,03/2024,09/2025,01/2026,244.83,244.83,0.0,99.64,0.0,2026-05
Ministry of Road Transport & Highways,Roads & Highways,Indore - Harda Pkg-III [Nanasa to Pidgaon Section from km 95.000 to km 142.445],(National Highways Authority of India [NHAI]),1310,Madhya Pradesh,01/2020,10/2021,10/2023,06/2026,1146.22,1240.64,626.02,98.21,8.23751112351905,2026-05
Ministry of Railways,Railways,Petlad Bhadran 23 Kms,(Western Railway),578,Gujarat,05/2022,05/2022,05/2030,05/2030,307.11,307.11,18.9,17.0,0.0,2026-05
Ministry of Steel,Metals & Mining,Revamping of old sub-systems of Blast Furnace 3 at Bokaro Steel Plant,(Steel Authority of India Limited [SAIL]),516,Jharkhand,08/2023,10/2023,07/2025,05/2026,513.82,513.82,412.95,98.72,0.0,2026-05
Ministry of Railways,Railways,GOOTY-PENDEKALLU DOUBLING 29.225 Km,(South Central Railway [SCR] - II),527,Andhra Pradesh,03/2023,06/2023,03/2027,03/2027,351.83,351.83,347.98,3.04,0.0,2026-05
Ministry of Road Transport & Highways,Roads & Highways,Aunta - Simaria including Ganga Bridge,(National Highways Authority of India [NHAI]),976,Bihar,01/2017,08/2018,02/2022,04/2026,1309.47,2107.68,812.81,100.0,60.95672294897935,2026-05
Ministry of Railways,Railways,Jeypore-Malkanagiri New Railway Line Project,(East Coast Railway [ECoR] - II),733,Odisha,02/2018,12/2023,07/2033,07/2033,2344.0,2344.0,549.72,7.5,0.0,2026-05
Ministry of Road Transport & Highways,Roads & Highways,Hospet - Chitradurga from km. 299.00 to km. 418.750,(National Highways Authority of India [NHAI]),1237,Karnataka,03/2015,02/2016,08/2018,06/2026,1519.72,387.48,36.7,100.0,-74.50319795751848,2026-05
Ministry of Railways,Railways,Doubling between Pradhankunta-Patherih-Bhojudih of East Central Railway,(East Central Railway [ECR] - I),596,Jharkhand,11/2022,11/2022,12/2025,03/2026,349.22,349.22,145.57,72.0,0.0,2026-05
Ministry of Road Transport & Highways,Roads & Highways,Khammam-Devarapalle Pkg IV [4L Access Controlled Greenfield from Recherla village to Gurvaygudem village Design Chainage 105236 to 132664],(National Highways Authority of India [NHAI]),845,Andhra Pradesh,11/2020,09/2022,09/2024,05/2025,569.37,752.02,355.88,100.0,32.0793157349351,2026-05
Ministry of Road Transport & Highways,Roads & Highways,Loha-Waranga Section of NH-361 from km 187.800 to km 244.369,(National Highways Authority of India [NHAI]),1399,Maharashtra,03/2018,03/2019,03/2021,12/2026,1236.08,3466.58,900.78,96.22,180.44948547019607,2026-05
Ministry of Road Transport & Highways,Roads & Highways,Tuticorin - Tirunelveli from km. 0.00 to km. 47.250,(National Highways Authority of India [NHAI]),1697,Tamil Nadu,11/2009,04/2010,04/2012,,449.85,452.48,1.17,100.0,0.5846393242191831,2026-05
Ministry of Road Transport & Highways,Roads & Highways,Four Laning of Trichy - Dindigul from km. 333.00 to km. 421.273 of NH-45,(National Highways Authority of India [NHAI]),1701,Tamil Nadu,12/2006,01/2008,07/2010,06/2026,1003.11,435.81,9.74,100.0,-56.5541166970721,2026-05
Ministry of Railways,Railways,Madurai- Tuticorin New Line,(Ministry of Railways),756,Tamil Nadu,04/2011,09/2016,07/2021,01/2031,601.43,2084.48,351.21,14.0,246.5873002676954,2026-05
Ministry of Road Transport & Highways,Roads & Highways,Pen to Khopoli 2LPS,(MoRTH),1350,Maharashtra,03/2018,06/2018,12/2019,12/2025,369.39,369.39,330.37,86.3,0.0,2026-05
Ministry of Road Transport & Highways,Roads & Highways,Ara Bypass,(National Highways Authority of India [NHAI]),972,Bihar,03/2025,10/2025,04/2027,04/2027,226.32,226.32,4.48,21.03,0.0,2026-05
Ministry of Road Transport & Highways,Roads & Highways,Six Laning of Vijayawada Bypass from Gollapudi to Chinnakakani in Vijayawada - Gundugolanu Section from km. 30.00 to km. 47.881 Pkg-IV,(National Highways Authority of India [NHAI]),829,Andhra Pradesh,01/2020,07/2021,01/2024,06/2026,1194.57,1757.82,862.59,99.92,47.15085763077928,2026-05
Ministry of Road Transport & Highways,Roads & Highways,Salem - Ulundurpet section from km 0.313 to km 136.670 of NH-68,(National Highways Authority of India [NHAI]),1707,Tamil Nadu,12/2006,01/2008,01/2011,06/2026,861.23,1019.85,140.31,100.0,18.417844246020227,2026-05
Ministry of Road Transport & Highways,Roads & Highways,Rajiv Bhima Lift Irrigation Scheme,(Irrigation and CAD-TG),1844,Telangana,04/2007,01/2008,12/2019,03/2026,1402.0,2509.66,1839.76,100.0,79.00570613409414,2026-06
Ministry of Road Transport & Highways,Roads & Highways,Morna [Gureghar] Irrigation Project,"(Department of Water Resources, River Development & GR)",1845,Uttar Pradesh,04/2007,12/2007,12/2025,,219.9,219.9,115.2,31.5,0.0,2026-06
Ministry of Road Transport & Highways,Roads & Highways,DL/UP Border - EPE Crossing Pkg-02,(NHAI),1710,Uttar Pradesh,09/2020,05/2021,11/2023,07/2026,2002.79,1889.78,1739.68,100.0,-5.642628533196191,2026-06
Ministry of Road Transport & Highways,Roads & Highways,Mahabalipuram - Pondicherry Pkg-I [Mamallapuram to Mugaiyur],(NHAI),1595,Tamil Nadu,02/2019,05/2022,05/2024,01/2027,1360.54,1477.94,897.36,58.65,8.628926749672932,2026-06
Ministry of Railways,Railways,Koraput - Singapur Railway Doubling,(East Coast Railway [ECoR] - II),715,Odisha,12/2015,12/2015,12/2027,03/2028,2362.0,2362.0,2007.83,67.67,0.0,2026-06
Ministry of Railways,Railways,Kazipet Wagon Overhauling Project,(RVNL),743,Telangana,09/2017,07/2017,12/2023,,385.0,385.0,0.0,0.0,0.0,2026-06
Ministry of Railways,Railways,Manoharabad-Kothapalli New Rail Line [151 km],(South Central Railway [SCR] - II),744,Telangana,07/2016,01/2017,03/2027,12/2027,1160.0,2781.0,3073.41,72.02,139.74137931034485,2026-06
Ministry of Railways,Railways,Bahraich-Shravasti-Balrampur-Siddharthnagar -Santkabir nagar,(North Eastern Railway [NER]),745,Uttar Pradesh,10/2018,03/2017,10/2030,10/2030,4939.78,4939.78,1086.23,13.1,0.0,2026-06
Ministry of Railways,Railways,Doubling between Bhadrachalam Road and Dornakal,(South Central Railway [SCR] - II),741,Telangana,08/2023,04/2025,04/2029,,770.12,770.12,87.94,0.06,0.0,2026-06
Ministry of Railways,Railways,Varanasi-Pt. Deen Dayal Upadhyaya multitracking 15km including construction of new Rail-cum-Road Bridge across Ganga River.,(Northern Railways),747,Uttar Pradesh,10/2024,10/2025,10/2029,,2464.46,2464.46,96.98,3.93,0.0,2026-06
Ministry of Railways,Railways,Chunar-Chopan doubling project,(North Central Railway),749,Uttar Pradesh,08/2023,01/2025,03/2028,,1423.96,1423.96,151.57,18.5,0.0,2026-06
Ministry of Railways,Railways,Doubling between Jaunpur Jn - Zaffarabad 6.28 km,(M/S SRC company Infra Private Limited),751,Uttar Pradesh,03/2023,02/2025,01/2027,,180.66,180.66,65.54,27.55,0.0,2026-06
Ministry of Railways,Railways,Khurda-Bolangir New Broad Gauge Rail Link [301km],(East Coast Railway [ECoR] - II),712,Odisha,03/1994,03/2001,12/2026,12/2026,3792.0,5089.0,5789.53,92.5,34.20358649789029,2026-06
Ministry of Railways,Railways,Janghai-Pratapgarh- Amethi,(CAO/C/II/NR),753,Uttar Pradesh,11/2017,03/2017,03/2025,03/2026,722.0,1194.0,1729.27,70.0,65.37396121883657,2026-06
Ministry of Railways,Railways,Lalitpur-Birari with flyover at Lalitpur- 16 Km,(North Central Railway),754,Uttar Pradesh,03/2017,11/2017,12/2024,01/2026,304.44,356.0,283.67,86.0,16.93601366443306,2026-06
Ministry of Road Transport & Highways,Roads & Highways,Kagvadar - Una Package-IV,(NHAI),1018,Gujarat,02/2016,03/2017,09/2019,07/2026,750.53,955.78,833.12,97.93,27.34734121221004,2026-06
Ministry of Railways,Railways,Allahabad-Bamhrauli Flyover Construction & 4th Railway Line Project,(North Central Railway),755,Uttar Pradesh,04/2019,10/2020,03/2026,03/2026,494.0,494.0,410.3,80.0,0.0,2026-06
Ministry of Railways,Railways,Sahjanwa-Dohrighat,(North Eastern Railway [NER]),746,Uttar Pradesh,08/2019,03/2017,03/2029,03/2029,1319.75,1319.75,544.89,4.2,0.0,2026-06
Ministry of Road Transport & Highways,Roads & Highways,Delhi-Vadodara Greenfield Alignment NH-148N Pkg-28 Ch.756052 to Ch.781282,(NHAI),998,Gujarat,09/2020,11/2021,11/2023,04/2026,1263.38,1266.98,934.98,100.0,0.2849498963098916,2026-06
Ministry of Railways,Railways,Guntur-Guntakal Doubling Project,(South Central Railway [SCR] - II),526,Andhra Pradesh,03/2017,11/2017,12/2025,12/2026,3733.0,4295.0,5552.65,94.05,15.054915617465843,2026-06
Ministry of Road Transport & Highways,Roads & Highways,Rehabilitation and Upgrading of NH-707 OLD 72-B Package - 2 Hewna to Ashyari,(MoRTH),1031,Himachal Pradesh,04/2020,03/2021,03/2023,12/2025,242.8,220.95,145.49,98.38,-8.999176276771014,2026-06
Ministry of Railways,Railways,Anandnagar - Ghugli via Maharajganj New line 52.7 km,(Construction NER),748,Uttar Pradesh,10/2023,11/2023,03/2028,,958.27,958.27,640.17,24.0,0.0,2026-06
Ministry of Railways,Railways,Nidadavolu-Duvvada 3rd & 4th Lines,(South Central Railway [SCR] - II),523,Andhra Pradesh,04/2026,04/2026,01/2032,,9889.24,9889.24,0.0,0.01,0.0,2026-06
Ministry of Railways,Railways,Talcher-Bimlagarh New Railway Line,(East Coast Railway [ECoR] - II),713,Odisha,03/2004,12/2004,03/2025,03/2029,1928.0,1928.0,2127.3,57.0,0.0,2026-06
Ministry of Railways,Railways,Kotapalli - Narasapur New Line,(South Central Railway [SCR] - II),525,Andhra Pradesh,03/2009,09/2013,03/2028,03/2028,2501.0,2501.0,1417.7,30.02,0.0,2026-06
Ministry of Railways,Railways,Vijaywada-Gudur 3rd Line,(RVNL - II),527,Andhra Pradesh,08/2016,04/2018,11/2024,03/2026,6654.0,6654.0,6213.64,96.0,0.0,2026-06
Ministry of Railways,Railways,Furkating-New Tinsukia[194 Km],(Northeast Frontier Railway [NFR]),528,Assam,09/2025,09/2025,06/2029,,3633.58,3633.58,0.0,0.0,0.0,2026-06
Ministry of Railways,Railways,Doubling of New Bonggigaon to Kamakhya via Goalpara - 176 km,(Northeast Frontier Railway [NFR]),529,Assam,09/2016,09/2016,03/2026,03/2026,4060.0,4961.0,3831.06,95.16,22.192118226600986,2026-06
Ministry of Railways,Railways,Guwahati-Dibrugarh via Tinsukia & Simaluguri-Dibrugarh,(Central Organisation for Railway Electrification [CORE]),530,Assam,09/2020,09/2018,09/2020,06/2024,890.36,889.36,391.73,89.0,-0.1123141201311829,2026-06
Ministry of Road Transport & Highways,Roads & Highways,Bakhtiyarpur Km 153.300 to Mokama Km 197.900,(NHAI),951,Bihar,12/2015,06/2017,12/2019,07/2026,1182.94,1898.84,1797.43,99.95,60.51870762676042,2026-06
Ministry of Railways,Railways,"Mariani-Jorhat, Tinsukia-Dangri and Makum -TirapTrack Electrification Project",(GM/C/ NFR),531,Assam,09/2018,01/2022,05/2024,,183.99,183.99,0.0,0.0,0.0,2026-06
Ministry of Railways,Railways,Sakri -Hasanpur [via Harnagar - Kusheshwar Asthan] New Railway line,(East Central Railway [ECR] - I),533,Bihar,12/2023,08/1997,12/2024,03/2027,735.2,735.2,589.37,84.2,0.0,2026-06
Ministry of Railways,Railways,Construction of Bulb line at Nabinagar Ankorah of East Central Railway,(East Central Railway [ECR] - I),534,Bihar,06/2024,06/2024,06/2028,,611.74,611.74,0.0,0.0,0.0,2026-06
Ministry of Railways,Railways,Khagaria-Kusheshwar Asthan [42Km] new line project,(East Central Railway [ECR] - I),536,Bihar,04/2019,12/1998,12/2024,03/2027,614.0,1384.16,491.56,55.7,125.43322475570034,2026-06
Ministry of Railways,Railways,Nadikudi - Srikalahasti New Line,(South Central Railway [SCR] - II),516,Andhra Pradesh,03/2012,12/2016,05/2027,03/2028,2312.0,5932.0,3119.31,55.02,156.5743944636678,2026-06
Ministry of Railways,Railways,Burhwal Gonda 3rd line,(North Eastern Railway [NER]),752,Uttar Pradesh,11/2017,07/2019,03/2025,05/2026,1016.0,1118.0,1058.77,88.5,10.039370078740156,2026-06
Ministry of Railways,Railways,Jeypore-Navarangpur New Rail Line Project,(East Coast Railway [ECoR] - II),718,Odisha,07/2017,04/2023,07/2028,12/2029,748.0,748.0,15.91,2.13,0.0,2026-06
Ministry of Road Transport & Highways,Roads & Highways,Yekkambi-Haveri,(NHAI),1168,Karnataka,09/2021,03/2022,03/2024,01/2028,309.9,309.9,94.8,24.7,0.0,2026-06
Ministry of Railways,Railways,Bhadrak-Nergundi Third Line,(East Coast Railway [ECoR] - II),714,Odisha,10/2015,04/2015,11/2024,01/2026,1284.0,1284.0,1379.6,95.8,0.0,2026-06
Ministry of Railways,Railways,Harmuty-Murkongselek Branch Line Electrification Project,(GM/C/ NFR),532,Assam,09/2018,01/2022,05/2024,,237.52,237.52,0.0,0.0,0.0,2026-06
Ministry of Railways,Railways,"Mughalsarai-Allahabad, 3rd line",(North Central Railway),756,Uttar Pradesh,12/2015,03/2016,12/2026,03/2027,2649.0,2649.44,2024.65,74.0,0.0166100415251058,2026-06
Ministry of Coal,Coal,KOTRE BASANTPUR PACHMO OCP,(Ministry of Coal),47,Jharkhand,08/2020,08/2020,03/2032,,861.06,625.4,456.48,45.78,-27.36859220031124,2026-06
Ministry of Railways,Railways,Sawaimadhopur Bye Pass Line Project,(North Western Railway [NWR]),737,Rajasthan,12/2022,01/2023,03/2026,05/2027,304.0,304.0,93.09,77.0,0.0,2026-06
Ministry of Railways,Railways,SER Upgradation of maintenance infrastructure at Shalimar into Vande Bharat Chair Car maintenance cum workshop depot.,(South Eastern Railway - JH),767,West Bengal,03/2024,12/2024,10/2026,,226.87,226.87,86.69,50.0,0.0,2026-06
Ministry of Railways,Railways,Barabanki-Malhaur 3rd & 4th Railway Line Project,(Ministry of Railways),760,Uttar Pradesh,01/2019,04/2017,03/2025,08/2026,407.0,407.0,417.22,78.0,0.0,2026-06
Ministry of Railways,Railways,Joka-BBD Bag new metro project,(RVNL - II),768,West Bengal,03/2010,04/2010,12/2026,12/2029,4835.0,10362.0,5098.73,51.0,114.31230610134438,2026-06
Ministry of Railways,Railways,Baranagar-Barrackpore and Dakshineshwar- Construction of Metro Railway,(RVNL - II),770,West Bengal,03/2010,03/2010,12/2026,12/2030,2298.0,2734.0,429.56,17.0,18.97302001740644,2026-06
Ministry of Road Transport & Highways,Roads & Highways,"Gudivada Town 2 RoB, and Road improvement NH-165",(MoRTH),775,Andhra Pradesh,03/2022,05/2023,05/2025,03/2027,317.22,317.22,0.0,75.2,0.0,2026-06
Ministry of Railways,Railways,Noapara-Barasat via Bimanbandar - Construction of Metro railway [18 km],"(Metro Railway, Kolkata)",769,West Bengal,11/2010,03/2010,08/2026,03/2029,4830.0,4830.0,3350.62,32.2,0.0,2026-06
Ministry of Railways,Railways,Bhatni-Aurnihar with electrification excluding Indara-Mau,(RVNL - I),759,Uttar Pradesh,03/2018,03/2017,12/2024,06/2026,2529.0,2529.46,2171.72,96.7,0.0181890075128523,2026-06
Ministry of Railways,Railways,Bhandai - Flyover for Etawah bound down train- 10 Km,(North Central Railway [NCR] - II),758,Uttar Pradesh,07/2020,04/2021,02/2026,02/2027,250.18,250.18,163.27,9.0,0.0,2026-06
Ministry of Railways,Railways,Construction of Balurghat-Hilli new BG Line,(Northeast Frontier Railway [NFR]),766,West Bengal,12/2010,12/2010,03/2027,03/2027,1209.0,1181.57,518.15,18.0,-2.268817204301081,2026-06
Ministry of Railways,Railways,Tiupati Katpadi 104.39 kms,(South Central Railway [SCR] - II),521,Andhra Pradesh,04/2025,04/2025,03/2029,,1215.56,1215.56,62.2,0.06,0.0,2026-06
Ministry of Coal,Coal,TETARIAKHAR OC,(CCL - CIL),63,Jharkhand,11/2019,11/2019,03/2025,03/2027,243.52,243.52,50.82,30.06,0.0,2026-06
Ministry of Coal,Coal,JARANGDIH EXPN. OCP 1.5 MTY,(CCL - CIL),65,Jharkhand,02/2020,02/2020,03/2029,,414.37,414.37,85.6,32.83,0.0,2026-06
Ministry of Petroleum & Natural Gas,Energy Storage,Change of service of existing Mundra-Panipat Pipeline [Panipat - Churwa section] from Crude oil to Product,(IOCL),378,Haryana,05/2025,05/2025,04/2027,03/2027,359.0,359.0,40.86,39.6,0.0,2026-06
Ministry of Health & Family Welfare,Healthcare,AIIMS Darbhanga,(PMSSY AND Institute of NATIONAL Importance),437,Bihar,09/2020,09/2020,09/2024,,1264.0,1264.0,27.81,0.0,0.0,2026-06
Ministry of Petroleum & Natural Gas,Energy Storage,PRP-VIII [Group-A],(Ministry of Petroleum & Natural Gas),414,Offshore,09/2024,09/2024,02/2026,12/2026,1486.4,1486.4,618.99,59.6,0.0,2026-06
Ministry of Petroleum & Natural Gas,Energy Storage,PRP-VIII Group B [NH & BS Asset],(Ministry of Petroleum & Natural Gas),418,Offshore,06/2024,06/2024,02/2026,12/2026,2379.84,3165.53,2923.49,98.7,33.01440432970284,2026-06
Ministry of Power,Coal,Transmission System for Evacuation of power from Potential RE Zone in Khavda Area of Gujarat under phase IV 7GW-Part E4,(Power Grid Corporation of India Limited [POWERGRID]),212,Maharashtra,11/2023,11/2023,07/2025,05/2026,224.41,224.41,224.41,100.0,0.0,2026-06
Ministry of Housing & Urban Affairs,Construction,Pune Water Supply Infrastructure Project,(Ministry of Housing & Urban Affairs),290,Maharashtra,03/2017,07/2017,03/2023,08/2026,235.95,235.95,220.77,96.0,0.0,2026-06
Ministry of Coal,Coal,SIRKA OC,(CCL - CIL),62,Jharkhand,05/2020,05/2020,03/2028,,222.82,222.82,280.03,56.47,0.0,2026-06
Ministry of Railways,Railways,Surface triangle line bet. Bhadura stn and new crossing stn Karma,(East Central Railway [ECR] - I),750,Uttar Pradesh,10/2022,05/2024,02/2027,,199.96,199.96,7.67,0.6,0.0,2026-06
Ministry of Railways,Railways,Dum Dum Airport-New Garia via Rajarhat-Construction of Metro Railway,(RVNL - II),765,West Bengal,03/2010,10/2011,12/2025,12/2027,8964.0,8964.0,8984.66,87.0,0.0,2026-06
Ministry of Railways,Railways,Kalinarayanpur-Krishnanagar Doubling Alongwith Krishnanagar - Chapra New Line And Naihati-Ranaghat 3rd Line.,(Eastern Railway [ER] - I),763,West Bengal,07/2015,11/2005,02/2027,03/2028,1000.0,1000.0,1066.85,76.0,0.0,2026-06
Ministry of Railways,Railways,GANDHAMARDAN IRON ORE MINES TO GOALDIH STATION/12.76kms,(East Coast Railway [ECoR] - II),720,Odisha,09/2022,05/2025,09/2027,09/2027,190.0,189.93,3.4,5.0,-0.0368421052631543,2026-06
Ministry of Railways,Railways,"Jaynagar-Bijalpura, incl. extn. Bet, Bijalpura-Bardibas [Nepal]",(East Central Railway [ECR] - I),721,Offshore,08/2015,03/2011,03/2022,03/2026,819.0,819.0,580.51,75.0,0.0,2026-06
Ministry of Railways,Railways,Devgarh Madariya - Nathdwara Gauge Conversion [82.54 Km] part of Marwar - Mavli Gauge Conversion [152 Km],(North Western Railway [NWR]),725,Rajasthan,01/2023,01/2023,01/2027,,968.92,968.92,745.15,73.0,0.0,2026-06
Ministry of Railways,Railways,Jarapada- Budhapank with flyover at Talcher road 3rd and 4th Line,(East Coast Railway [ECoR] - II),716,Odisha,11/2015,12/2015,11/2018,03/2028,1000.0,810.02,478.83,59.0,-18.998,2026-06
Ministry of Railways,Railways,PUSHKAR- MERTA CITY NEW LINE,(North Western Railway [NWR]),727,Rajasthan,02/2024,02/2024,12/2026,12/2028,799.64,799.64,224.71,8.0,0.0,2026-06
Ministry of Railways,Railways,POKHRAN - RAMDEVRA New Line,(North Western Railway [NWR]),730,Rajasthan,04/2025,04/2025,03/2028,,189.21,189.21,55.58,2.0,0.0,2026-06
Ministry of Railways,Railways,NATHDWARA- NATHDWARA TOWN NL,(North Western Railway [NWR]),731,Rajasthan,03/2019,04/2024,03/2027,,166.33,166.33,112.55,15.0,0.0,2026-06
Ministry of Railways,Railways,Dholpur - Sirmuttra Gauge Conversion,(North Central Railway),732,Rajasthan,03/2022,04/2020,02/2019,02/2027,747.0,747.0,509.8,49.7,0.0,2026-06
Ministry of Railways,Railways,Tarakeshwar-Bishnupur New Line [82.47 km],(Eastern Railway [ER] - I),764,West Bengal,03/2001,02/2008,03/2019,02/2026,1189.0,1542.0,1390.59,96.9,29.68881412952061,2026-06
Ministry of Railways,Railways,Gudha-Thatha Mithri Construction of Railway Track Project,(North Western Railway [NWR]),733,Rajasthan,04/2019,04/2019,11/2026,11/2026,819.48,967.06,405.39,95.0,18.008981305217933,2026-06
Ministry of Railways,Railways,AJMER- CHANDERIYA DOUBLING,(North Western Railway [NWR]),728,Rajasthan,02/2024,02/2024,06/2027,03/2028,1634.79,1634.79,489.56,22.0,0.0,2026-06
Ministry of Railways,Railways,Dedicated Test Track for RDSO /Phase-II Project,(North Western Railway [NWR]),736,Rajasthan,11/2021,01/2022,03/2026,,466.42,466.42,538.22,98.0,0.0,2026-06
Ministry of Road Transport & Highways,Roads & Highways,Chhapra - Hajipur from km. 143.200 to km. 209.200,(NHAI),940,Bihar,07/2010,01/2011,07/2013,04/2026,2127.86,2171.6,526.04,89.81,2.055586363764523,2026-06
Ministry of Railways,Railways,Allahabad division - Aligarh - Harduaganj Flyover,(North Central Railway),761,Uttar Pradesh,04/2020,02/2021,10/2026,03/2027,1457.0,1457.0,400.19,36.0,0.0,2026-06
Ministry of Road Transport & Highways,Roads & Highways,Khammam-Devarapalle Pkg V [4L Access Controlled Greenfield from Gurvaygudem village to Devarapalle village Design Chainage 132664 to 162126,(NHAI),818,Andhra Pradesh,12/2020,09/2022,09/2024,07/2026,711.94,926.48,566.96,100.0,30.134561901283806,2026-06
Ministry of Road Transport & Highways,Roads & Highways,Maheshkunt -Saharsa-Purnea Pkg II,(NHAI),939,Bihar,03/2017,12/2018,12/2020,09/2026,1028.28,1244.09,1220.65,94.0,20.98747422880927,2026-06
Ministry of Railways,Railways,Aligarh -Daud Khan Flyover Construction & 3rd Railway Line Project,(CAO/C/NCR),757,Uttar Pradesh,04/2019,09/2020,01/2025,03/2027,758.0,779.49,511.12,83.0,2.8350923482849613,2026-06
Ministry of Railways,Railways,Rishikesh-Karnaprayag New Rail Line- 125 km,(RVNL - II),762,Uttarakhand,11/2016,08/2018,12/2025,12/2028,38953.0,38953.0,28828.18,77.5,0.0,2026-06
Ministry of Railways,Railways,Sawai Madhopur-Jaipur Railway Line Project,(North Western Railway [NWR]),734,Rajasthan,02/2024,04/2023,03/2027,,1203.89,1203.89,240.33,19.0,0.0,2026-06
Ministry of Railways,Railways,Flyover between Pendurthi and Simhachalam North to avoid surface crossing at Simhachalam 7.135 km PB 73 of 2023 24 NR,(East Coast Railway [ECoR] - II),519,Andhra Pradesh,04/2023,05/2024,04/2027,,183.65,183.65,17.25,16.0,0.0,2026-06
Ministry of Railways,Railways,Khurda Road - Balangir Electrification of Railway Track Project,(Ministry of Railways),719,Odisha,09/2018,09/2019,03/2021,,267.61,267.61,0.0,0.0,0.0,2026-06
Ministry of Railways,Railways,"Fatuha-Islampur incl. MM for extn.of NL from Neora to Daniawan , Daniawan to Biharsharif, Biharsharif to Barbigha , Barbigha to Shekhpura",(East Central Railway [ECR] - I),539,Bihar,08/2002,03/2002,03/2023,08/2025,1473.0,2882.0,2712.19,98.2,95.6551255940258,2026-06
Ministry of Railways,Railways,Sabarmati Setting up of Maintenance Facilities for Train Sets Phase ii,(Western Railway [WR] - II),572,Gujarat,01/2023,04/2023,06/2025,05/2026,250.0,250.0,185.02,88.0,0.0,2026-06
Ministry of Railways,Railways,Desalpar-Hajipir-Luna and Vayor-Lakhpat New Line,(Western Railway [WR] - II),576,Gujarat,09/2025,09/2025,09/2028,,2526.47,2526.47,0.0,0.0,0.0,2026-06
Ministry of Railways,Railways,Rajkot - Kanalus Doubling Project [111.2 Kms],(Western Railway WR - II),580,Gujarat,10/2021,12/2021,10/2026,06/2026,1080.58,1080.58,969.78,82.0,0.0,2026-06
Ministry of Railways,Railways,NADIAD-PETLAD [37.26 KM],(Railway),581,Gujarat,05/2022,10/2023,06/2030,06/2030,461.91,461.91,186.9,8.0,0.0,2026-06
Ministry of Railways,Railways,NEW BG LINE INTERSECTION [5 NOS] BETWEEN GERATPUR-SANAND & BOTAD-AHMEDABAD [16.51 KM],(Western Railway [WR] - II),582,Gujarat,10/2022,07/2025,06/2028,10/2027,437.21,437.21,117.95,22.0,0.0,2026-06
Ministry of Railways,Railways,"Redevelopment of Ahmedabad railway station and associated infrastructure on engineering, procurement and construction mode",(Rail Land Development Authority),574,Gujarat,01/2023,11/2023,03/2028,,2379.0,2379.0,984.21,32.5,0.0,2026-06
Ministry of Railways,Railways,Belgaum-Dharwad via Kittur [73.10Km],(South Western Railway [SWR] - II),602,Karnataka,09/2020,03/2025,12/2027,03/2029,1591.0,1591.0,0.38,0.0,0.0,2026-06
Ministry of Railways,Railways,Devbhumi Dwarka [Okha] - Kanalus Doubling,(Western Railway [WR] - II),577,Gujarat,12/2025,12/2025,12/2028,,1456.77,1456.77,0.28,0.0,0.0,2026-06
Ministry of Railways,Railways,Koderma-Arigada Doubling 133.38 Km of East Central Railway,(East Central Railway [ECR] - I),584,Jharkhand,06/2025,06/2025,12/2029,,2887.11,2887.11,0.1,0.0,0.0,2026-06
Ministry of Railways,Railways,New Broad Gauge line between Naliya to Jakhau Port,(Western Railway [WR] - II),565,Gujarat,02/2023,02/2023,01/2028,02/2028,410.26,410.26,11.3,5.0,0.0,2026-06
Ministry of Railways,Railways,Ernakulam-Kumbalam doubling project [7.71 Km],(SR-ERS),604,Kerala,04/2023,04/2023,03/2028,02/2027,601.0,595.39,313.97,28.0,-0.93344425956739,2026-06
Ministry of Railways,Railways,Anand Vihar-Tilak Bridge 3rd & 4th line,(CAO/C/NR),562,Delhi,03/2013,03/2013,03/2023,12/2027,667.0,667.0,333.72,23.0,0.0,2026-06
Ministry of Railways,Railways,Katni Grade Separator/Bye Pass,(Indian Railway Construction International Limited [IRCON]),608,Madhya Pradesh,03/2016,09/2017,09/2024,09/2026,1248.0,1248.0,1850.38,95.0,0.0,2026-06
Ministry of Railways,Railways,Byrnihat-Shillong New Rail Line- 108 km,(Northeast Frontier Railway [NFR]),636,Meghalaya,04/2011,03/2010,03/2021,03/2027,8324.28,8342.28,266.12,2.04,0.2162349176144963,2026-06
Ministry of Railways,Railways,Nagpur- Nagbhir Railway Line Gauge Conversion Project,(MRIDC),631,Maharashtra,10/2019,04/2020,12/2025,12/2025,1400.0,1400.0,1472.0,80.0,0.0,2026-06
Ministry of Railways,Railways,Rourkela-Bondamunda A-Cabin 5th line [9.6 km],(CAO/C/SER),705,Odisha,09/2022,12/2023,03/2026,11/2026,244.99,244.99,146.07,45.0,0.0,2026-06
Ministry of Railways,Railways,Bangriposi-Gorumahisani new line [ 85.60 km ],(CAO/C/SER),706,Odisha,08/2024,09/2025,12/2029,,2269.49,2269.49,7.14,0.0,0.0,2026-06
Ministry of Railways,Railways,Jiribam-Imphal new line project,(Northeast Frontier Railway [NFR]),635,Manipur,03/2013,12/2007,12/2026,06/2029,14323.0,21885.9,16327.07,73.05,52.80248551281157,2026-06
Ministry of Railways,Railways,Miyagam-Karjan-Dabhoi-Samlaya [GC],(Western Railway [WR] - II),578,Gujarat,01/2017,01/2017,03/2021,12/2026,483.88,1039.13,723.52,45.0,114.7495246755394,2026-06
Ministry of Railways,Railways,Badampahar-Kendujhargarh new line [82.06 km],(CAO/C/SER),707,Odisha,08/2024,09/2025,12/2029,,1875.72,1875.72,2.35,0.0,0.0,2026-06
Ministry of Railways,Railways,Dahod Rolling Stock Workshop Provision of Infrastructure for CBS at,(PCE/WR),571,Gujarat,11/2022,03/2023,03/2025,,158.0,158.0,51.87,10.0,0.0,2026-06
Ministry of Railways,Railways,Western Railway Samakhiali Gandhidham Quadrupiling 53 Kms,(Western Railway [WR] - II),569,Gujarat,08/2023,08/2023,12/2026,12/2027,1430.0,1430.0,582.1,45.0,0.0,2026-06
Ministry of Railways,Railways,Development of New Bijwasan Railway Terminal,(Northern Railways),561,Delhi,02/2008,03/2013,03/2020,12/2026,446.21,446.21,565.7,80.0,0.0,2026-06
Ministry of Railways,Railways,Yeshvanthpur - Channasandra Doubling Project [21.70 Km],(Karnataka Rail Infrastructure Development Company Limited [K-RIDE]),590,Karnataka,04/2019,10/2019,03/2024,03/2026,314.1,683.57,173.5,56.8,117.62814390321554,2026-06
Ministry of Railways,Railways,New Railway Line between Ginigera and Raichur [165.57 km],(South Western Railway [SWR] - II),591,Karnataka,03/2008,05/2009,03/2019,03/2027,2565.0,3034.98,2412.11,71.0,18.32280701754386,2026-06
Ministry of Railways,Railways,Bangalore-Satyamanglam New Line Project [260 Km] - Part Hejjala - Chamarajanagar [142 Km],(South Western Railway [SWR] - II),592,Karnataka,02/1999,07/2026,12/2031,,1382.78,1382.78,0.0,0.0,0.0,2026-06
Ministry of Railways,Railways,Bagalkot-Kudachi New Railway Line [142 km],(South Western Railway [SWR] - II),596,Karnataka,10/2013,11/2012,03/2027,01/2027,1378.0,1649.0,809.24,36.5,19.666182873730044,2026-06
Ministry of Railways,Railways,SHIMOGA - SHIKARIPURA - RANEBENNUR [96 Km],(South Western Railway [SWR] - II),599,Karnataka,09/2019,02/2023,12/2027,06/2028,1454.0,1454.0,102.64,13.9,0.0,2026-06
Ministry of Railways,Railways,Tumkur-Chitradurga-Davangere New Rail Line Project [191 km],(South Western Railway [SWR] - II),597,Karnataka,10/2013,01/2017,03/2019,12/2027,1876.0,1876.0,602.36,16.0,0.0,2026-06
Ministry of Railways,Railways,Bangalore-Whitefield-Bangalore City-Krishnarajapuram [23.08 km] - Quadrupling,(South Western Railway [SWR] - II),598,Karnataka,02/2018,06/2022,02/2026,02/2026,493.0,493.0,337.37,85.9,0.0,2026-06
Ministry of Railways,Railways,Dahod Creation of Infrastructure facilities for 9000 HP Electric locomotives Manufacturing at,(PCE/WR),570,Gujarat,05/2022,02/2023,02/2025,,487.0,487.0,222.88,53.0,0.0,2026-06
Ministry of Railways,Railways,Construction of New BG line between Hassan [Alur] to Belur [ Km 27.34],(CAOC/SWR SWR mor),600,Karnataka,06/2019,09/2022,04/2027,12/2027,748.86,748.86,3.64,0.0,0.0,2026-06
Ministry of Railways,Railways,Parasnath-Madhuban-Giridih new line,(East Central Railway [ECR] - I),585,Jharkhand,03/2019,03/2019,03/2024,03/2026,902.86,902.86,0.0,0.1,0.0,2026-06
Ministry of Railways,Railways,Lodhma - Piska - Link Line bypassing Hatia/Ranchi with Y connection,(South Eastern Railway [SER] - I),587,Jharkhand,08/2021,03/2019,06/2026,05/2027,473.0,473.0,349.31,10.0,0.0,2026-06
Ministry of Railways,Railways,Wadsa-Gadchiroli,(South East Central Railway),622,Maharashtra,05/2017,03/2012,03/2027,03/2027,1886.0,1886.0,846.22,68.0,0.0,2026-06
Ministry of Railways,Railways,Hubli-Ankola New Line Project [164.44 km],(South Western Railway [SWR] - II),595,Karnataka,01/1999,01/2000,03/2005,03/2030,5174.0,5174.0,180.48,4.7,0.0,2026-06
Ministry of Railways,Railways,Gomoh - Flyover for DN trains,(East Central Railway [ECR] - I),586,Jharkhand,01/2018,01/2018,03/2026,03/2026,686.0,686.0,634.71,66.7,0.0,2026-06
Ministry of Railways,Railways,Modasa-Shamlaji Road Railway Line Project,(Western Railway WR - II),579,Gujarat,09/2012,04/2008,03/2025,03/2026,262.0,262.0,387.82,64.0,0.0,2026-06
Ministry of Railways,Railways,Bhiwani - Dobh Bahali Doubling Project [42.30 Km],(North Western Railway [NWR]),583,Haryana,02/2023,02/2023,02/2028,02/2028,471.0,471.0,273.41,73.0,0.0,2026-06
Ministry of Railways,Railways,Doubling of Narkatiaganj Raxaul Sitamarhi Darbhanga & Sitamarhi Muzaffarpur 256 KM,(East Central Railway [ECR] - I),535,Bihar,11/2024,11/2025,11/2029,03/2030,4079.95,4079.95,9.93,0.0,0.0,2026-06
Ministry of Railways,Railways,Gadag-Wadi New Railway Line [257 km],(South Western Railway [SWR] - II),593,Karnataka,04/2013,08/2017,03/2027,12/2027,2842.0,6700.0,1604.89,36.5,135.74947220267418,2026-06
Ministry of Railways,Railways,Paradeep - Badabandha 3rd & 4th Line / 18.51kms,(East Coast Railway [ECoR] - II),709,Odisha,08/2023,04/2025,11/2028,,300.15,300.15,2.47,10.5,0.0,2026-06
Ministry of Railways,Railways,Kadur - Chickamagalur - Sakleshpur [93km],(South Western Railway [SWR] - II),594,Karnataka,01/2014,11/2016,06/2025,12/2025,825.0,825.0,789.58,84.8,0.0,2026-06
Ministry of Railways,Railways,New Line between Junagarh - Nabarangpur [116.21 Km],(Indian Railway),711,Odisha,08/2024,08/2025,08/2030,,2864.51,2864.51,1.06,0.0,0.0,2026-06
Ministry of Railways,Railways,Mumbai Urban Transport Project [MUTP] Phase-IIIA,(Mumbai Rail Vikas Corporation Ltd.[MRVC]),633,Maharashtra,04/2019,04/2019,12/2027,12/2027,33690.0,33690.0,3854.46,25.0,0.0,2026-06
Ministry of Railways,Railways,Samlaya Timba Road 54 km,(PCE/WR),567,Gujarat,02/2023,02/2023,03/2030,03/2030,670.17,670.17,47.46,12.0,0.0,2026-06
Ministry of Railways,Railways,Redevelopment of New Delhi Railway Station and construction of associated infrastructure,(Rail Land Development Authority),560,Delhi,01/2023,06/2024,12/2028,,4744.0,4744.0,355.8,6.0,0.0,2026-06
"Ministry of Ports, Shipping and Waterways",Inland Waterways,"Integrated development of Outer Container Terminal and berth No. 1 though 5 NSD at KDS, SMPK on DBFOT basis through PPP mode",(Syama Prasad Mookerjee Port Kolkata),487,West Bengal,03/2025,02/2027,08/2028,,832.25,832.25,0.0,0.0,0.0,2026-06
"Ministry of Ports, Shipping and Waterways",Inland Waterways,Rewas Port Project,(Reliance Industries Ltd),485,Maharashtra,12/2019,01/2020,03/2023,,6000.0,6000.0,5999.89,88.0,0.0,2026-06
Ministry of Railways,Railways,Araria Supaul New BG Line,(East Central Railway [ECR] - I),538,Bihar,06/2018,03/2009,03/2024,01/2027,1605.0,2514.0,1725.95,46.9,56.63551401869159,2026-06
Ministry of Railways,Railways,GUNTAKAL WEST-MALLAPPA GATE RAIL OVER RAIL - ROR TRACK,(South Central Railway [SCR] - II),517,Andhra Pradesh,07/2023,07/2023,07/2026,,293.3,293.3,272.72,0.24,0.0,2026-06
Ministry of Railways,Railways,Sagauli-Valmiknagar,(East Central Railway [ECR] - I),542,Bihar,03/2018,03/2017,12/2025,12/2025,1216.0,2222.0,2102.51,93.0,82.73026315789474,2026-06
Ministry of Railways,Railways,Satna-Rewa Railway Line Doubling Project,(West Central Railway [WCR] - II),606,Madhya Pradesh,11/2015,08/2017,03/2026,03/2026,500.0,584.0,573.8,88.0,16.8,2026-06
Ministry of Railways,Railways,Muzaffarpur-Sugauli,(East Central Railway [ECR] - I),543,Bihar,03/2018,03/2017,06/2024,06/2026,1586.0,1586.0,1509.67,99.0,0.0,2026-06
Ministry of Railways,Railways,Barauni-Bachwara [16 km] - 3rd & 4th line incl. Barauni yard remodelling [32 km],(East Central Railway [ECR] - I),545,Bihar,10/2022,08/2025,08/2025,10/2026,645.0,645.0,54.13,56.9,0.0,2026-06
Ministry of Railways,Railways,JHAJHA - BATIA,(East Central Railway [ECR] - I),546,Bihar,03/2023,03/2023,03/2028,01/2030,588.18,588.18,2.38,0.1,0.0,2026-06
Ministry of Railways,Railways,Doubling of Kirandul-Jagdalpur Line [150 km],(East Coast Railway [ECoR] - II),548,Chhattisgarh,02/2013,03/2013,03/2020,04/2027,1589.0,1798.0,1691.27,96.17,13.1529263687854,2026-06
Ministry of Railways,Railways,Samastipur-Darbhanga Doubling Railway Project,(East Central Railway [ECR] - I),541,Bihar,11/2015,12/2015,03/2025,10/2025,519.0,519.0,412.58,100.0,0.0,2026-06
Ministry of Railways,Railways,KHARSIA- NAYA RAIPUR-PARMALKASA 5th and 6th Line [278KM],(CAO/C/SECR),551,Chhattisgarh,04/2025,04/2025,03/2031,,7853.84,7853.84,0.64,0.0,0.0,2026-06
Ministry of Railways,Railways,Boridand - Ambikapur Doubling Line Project,(South East Central Railway [SECR] - II),555,Chhattisgarh,06/2022,04/2022,06/2030,06/2030,1376.0,1576.72,312.72,30.0,14.587209302325585,2026-06
Ministry of Railways,Railways,Hajipur-Sagauli New line,(East Central Railway [ECR] - I),537,Bihar,10/2007,10/2004,03/2020,06/2027,2067.0,2087.0,2182.46,75.6,0.9675858732462508,2026-06
Ministry of Railways,Railways,Samni Jambusar 24 km,(PCE/WR),568,Gujarat,05/2022,05/2022,03/2030,03/2030,350.0,349.93,80.49,31.0,-0.019999999999998,2026-06
Ministry of Railways,Railways,Rampur Dumra-Tal-Rajendrapul Additional Bridge and Railway Line Doubling,(Indian Railway Construction International Limited [IRCON]),544,Bihar,03/2016,05/2017,12/2024,12/2025,2373.64,1700.24,1581.96,98.5,-28.369929728181187,2026-06
Ministry of Railways,Railways,Gondia-Balharshah [Chanda Fort] Doubling [240 Km],(South East Central Railway),616,Maharashtra,04/2025,04/2025,03/2031,,4373.04,4373.04,1.79,2.0,0.0,2026-06
Ministry of Railways,Railways,"Dallirajhara - Rowghat New Rail Line Project, Phase-I",(Rail Vikas Nigam Limited),552,Chhattisgarh,07/2009,11/2009,03/2025,02/2026,1516.45,1881.26,2154.73,98.0,24.05684328530449,2026-06
Ministry of Railways,Railways,Kumbalam-Turavur doubling project [15.59 Km],(Ministry of Railways),603,Kerala,04/2023,04/2023,03/2027,03/2027,813.0,802.8,151.83,35.0,-1.254612546125467,2026-06
Ministry of Railways,Railways,Naupada-Gunupur - New line upto Theruvali [73.62 km],(Indian Railway),710,Odisha,08/2024,04/2026,12/2029,,1165.89,1165.89,0.0,0.0,0.0,2026-06
Ministry of Railways,Railways,Brundamal-Jharsuguda- flyover connection for joining downline,(East Coast Railway [ECoR] - II),703,Odisha,01/2014,01/2014,12/2026,12/2026,297.0,297.0,237.83,67.0,0.0,2026-06
Ministry of Railways,Railways,Doubling of Daund Manmad Line [247.6 km],(Central Railway),627,Maharashtra,10/2017,03/2017,12/2025,03/2026,2081.27,3267.06,3111.8,92.0,56.97434739365868,2026-06
Ministry of Railways,Railways,Mumbai Urban Transport Project [MUTP] - PHASE II,(Mumbai Rail Vikas Corporation Ltd.[MRVC]),632,Maharashtra,05/2008,04/2008,03/2014,12/2027,8087.0,8087.0,7559.14,90.0,0.0,2026-06
Ministry of Railways,Railways,Flyover between Siju and Paradeep coaching Yard to avoid Surface crossing of trains,(East Coast Railway [ECoR] - II),708,Odisha,04/2023,10/2025,07/2028,,200.77,200.77,37.26,5.5,0.0,2026-06
Ministry of Railways,Railways,Mumbai Urban Transport Project Phase-III,(Mumbai Rail Vikas Corporation Ltd.[MRVC]),634,Maharashtra,11/2016,12/2016,03/2022,12/2026,10947.0,10947.0,6880.48,75.0,0.0,2026-06
Ministry of Railways,Railways,"Lalitpur-Satna, Rewa-Singrauli & Mahoba-Khajuraho",(North Central Railway),605,Madhya Pradesh,01/2007,03/1998,03/2027,12/2027,8914.0,8914.0,6889.55,74.0,0.0,2026-06
Ministry of Railways,Railways,Indore - Budni New Railway Line [198 kms],(RVNL - II),609,Madhya Pradesh,08/2019,10/2020,09/2030,09/2030,7474.0,7474.0,2879.62,41.0,0.0,2026-06
Ministry of Railways,Railways,Nimach-Ratlam Doubling [133 Km],(Western Railway [WR] - II),610,Madhya Pradesh,10/2021,10/2021,10/2027,10/2027,1095.88,1095.88,1284.91,100.0,0.0,2026-06
Ministry of Railways,Railways,Solapur-tuljapur-Osmanabad,(Central Railway),630,Maharashtra,08/2018,12/2023,03/2027,03/2028,904.92,3295.74,1277.63,22.0,264.20236042965126,2026-06
Ministry of Railways,Railways,Wardha-Nanded Via Yavatmal New BG Line,(Central Railway [CR] - II),612,Maharashtra,12/2017,04/2008,03/2025,12/2026,3445.0,3445.0,3002.93,50.0,0.0,2026-06
Ministry of Railways,Railways,AURANGABAD-ANKAI - DOUBLING PROJECT 98.25 Km,(South Central Railway [SCR] - II),613,Maharashtra,05/2023,05/2023,03/2027,,960.64,960.64,1375.55,2.03,0.0,2026-06
Ministry of Railways,Railways,Gauge Conversion of Pachora-Jamner with Extension upto Malkapur [Bodwad] [84.34 Kms],(Central Railway [CR] - II),614,Maharashtra,08/2022,01/2026,07/2028,,955.39,955.39,13.99,10.0,0.0,2026-06
Ministry of Railways,Railways,Doubling of Katni - Singrauli Railway Line [261 km],(Indian Railway Construction International Limited [IRCON]),607,Madhya Pradesh,03/2016,03/2017,12/2025,12/2025,2445.0,4377.0,3368.46,81.25,79.01840490797547,2026-06
Ministry of Railways,Railways,Doubling between Parbhani Parli Vaijanath stations 64.71 Km,(South Central Railway [SCR] - II),617,Maharashtra,12/2023,12/2023,03/2028,,769.93,769.93,197.62,0.2,0.0,2026-06
Ministry of Railways,Railways,Babupeth - Sasti New Rail Line [13.114 KMs],(CentralRailway),618,Maharashtra,10/2024,10/2024,03/2028,,362.81,362.81,0.48,0.0,0.0,2026-06
Ministry of Railways,Railways,Double Chord line Between Nilaje-Kopar,(CentralRailway),619,Maharashtra,01/2025,01/2025,07/2028,,338.33,205.0,55.83,60.0,-39.40827003221706,2026-06
Ministry of Railways,Railways,DHULE [BORVIHIR] - NARDANA NEW LINE [50.60 KMS],(Central Railway),611,Maharashtra,01/2019,04/2023,12/2026,09/2027,492.76,1170.83,560.32,38.0,137.60654273885865,2026-06
Ministry of Railways,Railways,Baramati Lonand New Line Project,(Central Railway),621,Maharashtra,03/2016,03/1999,03/2027,03/2027,138.48,1843.9,1039.72,60.0,1231.5280184864243,2026-06
Ministry of Civil Aviation,Aviation & Aviation Infrastructure,Guwahati Airport New Integrated Terminal Building Construction Project,(Adani Airport Holdings Limited),4,Assam,12/2016,03/2018,03/2025,06/2026,1712.0,2520.0,2670.23,99.5,47.19626168224299,2026-07
Ministry of Civil Aviation,Aviation & Aviation Infrastructure,Development of New Civil Enclave at Bihta,(Airport Authority of India [AAI]),5,Bihar,08/2024,04/2025,03/2027,,1413.0,1413.0,15.53,4.15,0.0,2026-07
Ministry of Civil Aviation,Aviation & Aviation Infrastructure,Development of New Civil Enclave and associated works at Darbhanga Airport,(Airport Authority of India [AAI]),6,Bihar,07/2024,07/2024,07/2026,11/2026,911.66,911.66,426.22,71.1,0.0,2026-07
Ministry of Civil Aviation,Aviation & Aviation Infrastructure,"Construction of New Domestic Terminal Building [Phase-I and II] and other allied structures at JPNI Airport, Patna",(Airport Authority of India [AAI]),7,Bihar,10/2018,10/2018,05/2026,08/2026,1216.9,1216.9,1203.48,99.26,0.0,2026-07
Ministry of Civil Aviation,Aviation & Aviation Infrastructure,Development of Keshod Airport.,(Airport Authority of India [AAI]),8,Gujarat,01/2024,07/2025,01/2027,,363.1,363.1,108.64,46.69,0.0,2026-07
Ministry of Coal,Coal,TIRAP OCP,(INVALID CO.),27,Assam,11/2022,11/2022,11/2030,,289.46,289.46,105.66,5.0,0.0,2026-07
Ministry of Civil Aviation,Aviation & Aviation Infrastructure,"Development of Dholera International Greenfield Airport , Gujarat",(Airport Authority of India [AAI]),9,Gujarat,06/2022,07/2022,06/2026,09/2026,1305.0,1551.0,966.36,88.0,18.850574712643677,2026-07
Ministry of Civil Aviation,Aviation & Aviation Infrastructure,"Development of Lal Bahadur Shastri International airport, Varanasi including C/o New Terminal Building, Apron Extension, Runway Extension, PTT and allied works.",(Airport Authority of India [AAI]),22,Uttar Pradesh,07/2024,07/2024,07/2027,07/2027,2869.65,2869.65,746.93,33.0,0.0,2026-07
Ministry of Civil Aviation,Aviation & Aviation Infrastructure,Construction of New Passenger Terminal Building for Domestic Operations at Jodhpur Airport.,(Airport Authority of India [AAI]),18,Rajasthan,06/2022,05/2023,03/2026,06/2026,480.0,480.0,348.2,100.0,0.0,2026-07
Ministry of Civil Aviation,Aviation & Aviation Infrastructure,Construction of New Integrated Passenger Terminal Building at Udaipur Airport,(Airport Authority of India [AAI]),19,Rajasthan,06/2023,11/2023,03/2026,09/2026,887.0,887.0,587.22,78.71,0.0,2026-07
Ministry of Civil Aviation,Aviation & Aviation Infrastructure,Development of New Integrated Civil Enclave at Agra Airport,(Airport Authority of India [AAI]),23,Uttar Pradesh,06/2024,07/2024,07/2026,11/2026,579.0,579.0,224.58,44.94,0.0,2026-07
Ministry of Civil Aviation,Aviation & Aviation Infrastructure,Development of New Civil Enclave at Bagdogra Airport,(Airport Authority of India [AAI]),24,West Bengal,08/2024,09/2024,03/2027,03/2027,1549.0,1549.0,548.3,27.9,0.0,2026-07
Ministry of Civil Aviation,Aviation & Aviation Infrastructure,"Re-Construction of Rigid portions of Secondary Runway, K and A Taxiway and Strengthening of C Taxiway at NSCBI Airport Kolkata.",(Airport Authority of India [AAI]),25,West Bengal,03/2023,12/2023,10/2025,08/2026,328.3,328.3,153.52,73.5,0.0,2026-07
Ministry of Civil Aviation,Aviation & Aviation Infrastructure,"Construction of New Domestic Terminal Building Building and miscellaneous works including maintenance, operations and AICMC at Kadapa Airport",(Airport Authority of India [AAI]),1,Andhra Pradesh,03/2023,01/2024,01/2026,09/2026,265.91,265.91,176.38,80.0,0.0,2026-07
Ministry of Civil Aviation,Aviation & Aviation Infrastructure,Construction of New Domestic Terminal Building and Miscellaneous Works at Belagavi Airport.,(Airport Authority of India [AAI]),12,Karnataka,06/2023,02/2024,02/2026,08/2026,322.45,322.45,240.99,97.0,0.0,2026-07
Ministry of Civil Aviation,Aviation & Aviation Infrastructure,C/o NITB Imphal Airport,(Airport Authority of India [AAI]),15,Manipur,11/2021,07/2022,07/2024,12/2026,499.0,499.0,212.17,53.14,0.0,2026-07
Ministry of Road Transport & Highways,Roads & Highways,Madhya Ganga canal Phase-II,(Irrigation & Water Resources-UP),1774,Uttar Pradesh,04/2008,04/2008,12/2019,12/2025,1060.67,4417.21,4575.74,82.39,316.45469373132073,2026-07
Ministry of Coal,Coal,MADANNAGAR OCP 12 MTY - MDO,(SECL - CIL),41,Chhattisgarh,12/2024,12/2024,03/2033,,1859.19,1859.19,0.45,0.0,0.0,2026-07
Ministry of Coal,Coal,TIKAK EXTENSION OCP,(INVALID CO.),26,Assam,07/2022,07/2022,07/2031,,159.77,159.77,112.69,89.73,0.0,2026-07
Ministry of Coal,Coal,AMERA OC RCE [1.0 MTY],(SECL - CIL),32,Chhattisgarh,02/2015,02/2015,03/2026,,335.97,335.97,91.91,42.47,0.0,2026-07
Ministry of Coal,Coal,AMGAON OC RCE [1.0 MTY],(SECL - CIL),33,Chhattisgarh,07/2015,07/2015,03/2026,,316.11,316.11,193.0,78.86,0.0,2026-07
Ministry of Coal,Coal,JAGANNATHPUR OC RCE PROJECT,(SECL - CIL),34,Chhattisgarh,07/2016,07/2016,03/2025,03/2027,459.49,459.49,290.4,96.15,0.0,2026-07
Ministry of Coal,Coal,MAHAMAYA OCP [1.50 MTY],(SECL - CIL),35,Chhattisgarh,05/2018,05/2018,03/2026,03/2028,410.26,410.26,188.72,54.6,0.0,2026-07
Ministry of Coal,Coal,KATKONA RO UG MINE,(SECL - CIL),36,Chhattisgarh,01/2023,01/2023,03/2029,,329.21,329.21,62.01,2.01,0.0,2026-07
Ministry of Coal,Coal,BAROUD OC EXPANSION [3.0-10.0M,(SECL - CIL),29,Chhattisgarh,08/2020,08/2020,03/2029,,2309.8,2309.8,1039.65,55.95,0.0,2026-07
Ministry of Coal,Coal,PELMA OC MDO,(SECL - CIL),37,Chhattisgarh,10/2022,10/2022,03/2033,,1725.04,1725.04,16.71,23.75,0.0,2026-07
Ministry of Coal,Coal,GEVRA OC [70 MTY],(SECL - CIL),31,Chhattisgarh,03/2016,03/2016,03/2023,03/2027,11816.4,11816.4,7825.46,78.48,0.0,2026-07
Ministry of Coal,Coal,MANIKPUR OC EXPANSION PROJECT,(SECL - CIL),39,Chhattisgarh,01/2025,01/2025,03/2029,,382.61,382.61,138.87,21.29,0.0,2026-07
Ministry of Coal,Coal,HURA C OCP,(Eastern Coal Fields Limited [ECL]),42,Jharkhand,08/2022,08/2022,03/2029,,859.41,859.41,455.95,63.3,0.0,2026-07
Ministry of Coal,Coal,KONAR EXPANSION OCP,(CCL - CIL),43,Jharkhand,01/2022,01/2022,03/2032,,674.65,674.65,175.59,50.78,0.0,2026-07
Ministry of Coal,Coal,KARO EXPANSION OCP,(CCL - CIL),44,Jharkhand,01/2022,01/2022,03/2029,,849.31,849.31,237.61,23.28,0.0,2026-07
Ministry of Coal,Coal,SANGHMITRA OC,(CCL - CIL),45,Jharkhand,03/2024,03/2024,03/2032,,2660.0,2660.0,17.03,16.77,0.0,2026-07
Ministry of Coal,Coal,KUSMUNDA OC EXPANSION PROJECT,(SECL - CIL),38,Chhattisgarh,11/2024,11/2024,03/2030,,4516.88,4516.88,847.19,23.75,0.0,2026-07
Ministry of Coal,Coal,CHANDRAGUPT OCP,(CCL - CIL),46,Jharkhand,08/2020,08/2020,03/2032,,973.5,973.5,772.12,25.11,0.0,2026-07
Ministry of Coal,Coal,PORDA CHIMTAPANI OCP [10 MTY],(SECL - CIL),28,Chhattisgarh,12/2020,12/2020,03/2029,,2310.12,2310.12,118.97,11.81,0.0,2026-07
Ministry of Coal,Coal,RPR FOR DURGAPUR OCP 10 MTY,(SECL - CIL),40,Chhattisgarh,09/2025,09/2025,03/2032,,2415.91,2415.91,2.99,0.01,0.0,2026-07
Ministry of Power,Coal,Augmentation of Transformation Capacity at jam Khambhaliya PS [GIS] [SPV Name POWERGRID Jam Khambhaliya Transmission Limited],(Power Grid Corporation of India Limited [POWERGRID]),187,Gujarat,10/2024,10/2024,07/2026,04/2027,329.0,329.0,72.38,33.0,0.0,2026-07
Ministry of Coal,Coal,Pachwara South Coal Block,(NLC India Limited),48,Jharkhand,03/2016,11/2019,09/2028,,2242.9,2242.9,1432.45,87.0,0.0,2026-07
Ministry of Coal,Coal,RPR MAGADH EXP OCP,(Ministry of Coal),49,Jharkhand,08/2020,08/2020,03/2028,,6964.33,6964.33,2299.77,39.42,0.0,2026-07
Ministry of Coal,Coal,EPR ROHINI - KARKETTA OCP,(Ministry of Coal),51,Jharkhand,01/2021,01/2021,03/2028,,995.57,995.57,85.34,24.02,0.0,2026-07
Ministry of Coal,Coal,EPR PUNDI OCP,(Ministry of Coal),52,Jharkhand,11/2020,11/2020,03/2027,,639.6,639.6,14.78,11.24,0.0,2026-07
Ministry of Coal,Coal,EPR ASHOK OC,(Ministry of Coal),53,Jharkhand,05/2021,05/2021,03/2031,,2821.07,2821.07,186.02,27.74,0.0,2026-07
Ministry of Coal,Coal,EPR AMRAPALI OCP,(CCL - CIL),54,Jharkhand,02/2020,02/2020,03/2028,,4983.57,4983.57,1838.82,43.69,0.0,2026-07
Ministry of Coal,Coal,RAJRAPPA RCE OCP,(CCL - CIL),55,Jharkhand,12/2009,12/2009,03/2016,03/2027,510.85,510.85,488.71,75.61,0.0,2026-07
Ministry of Coal,Coal,CHITRA EAST OC,(ECL - CIL),56,Jharkhand,08/2018,08/2018,03/2026,03/2028,513.99,513.99,276.0,53.03,0.0,2026-07
Ministry of Coal,Coal,"Revised Jharia Master Plan for Dealing with Fire, Subsidence & Rehabilitation of affected families in Jharia Coalfield- Reg.",(Bharat Coking Coal Limited [BCCL]),67,Jharkhand,06/2025,07/2025,12/2028,,5940.47,5940.47,520.75,34.0,0.0,2026-07
Ministry of Coal,Coal,NORTH URIMARI EXPANSION OCP,(Ministry of Coal),50,Jharkhand,07/2021,07/2021,03/2029,,634.3,634.3,598.34,68.9,0.0,2026-07
Ministry of Coal,Coal,JHARKHAND-LAIYO OCP,(Ministry of Coal),57,Jharkhand,08/2020,08/2020,03/2031,,654.87,654.87,1.97,32.45,0.0,2026-07
Ministry of Coal,Coal,MURAIDIH UG PROJECT,(BCCL - CIL),60,Jharkhand,02/2011,02/2011,04/2014,12/2026,339.87,339.87,191.14,70.47,0.0,2026-07
Ministry of Coal,Coal,TAPIN SOUTH EXPN,(CCL - CIL),61,Jharkhand,11/2020,11/2020,03/2028,,230.41,230.41,22.02,23.67,0.0,2026-07
Ministry of Coal,Coal,SIRKA OC,(CCL - CIL),62,Jharkhand,05/2020,05/2020,03/2028,,183.18,183.18,89.92,56.47,0.0,2026-07
Ministry of Coal,Coal,TETARIAKHAR OC,(CCL - CIL),63,Jharkhand,11/2019,11/2019,03/2025,03/2027,232.64,232.64,50.82,30.06,0.0,2026-07
Ministry of Coal,Coal,CHUPERBHITA SIMLONG OCP MDO 6,(ECL - CIL),64,Jharkhand,12/2023,12/2023,03/2037,,979.08,979.08,0.0,0.05,0.0,2026-07
Ministry of Coal,Coal,DIPKA EXPANSION OCP [40 MTY],(SECL - CIL),30,Chhattisgarh,12/2020,12/2020,03/2029,,5241.4,5241.4,2941.23,39.34,0.0,2026-07
Ministry of Coal,Coal,JARANGDIH EXPN. OCP 1.5 MTY,(CCL - CIL),65,Jharkhand,02/2020,02/2020,03/2029,,372.06,372.06,85.6,32.99,0.0,2026-07
Ministry of Coal,Coal,AMALAGAMATED NTST KUJAMA OCP 8.5MTY,(Bharat Coking Coal Limited (BCCL)),59,Jharkhand,01/2023,01/2023,03/2030,,4011.85,4011.85,414.97,31.16,0.0,2026-07
Ministry of Coal,Coal,KOTRE BASANTPUR PACHMO OCP,(Ministry of Coal),47,Jharkhand,08/2020,08/2020,03/2032,,625.4,625.4,456.48,45.78,0.0,2026-07
Ministry of Coal,Coal,BLOCK E OCP,(BCCL - CIL),66,Jharkhand,03/2024,03/2024,03/2029,,5850.83,5850.83,20.32,4.18,0.0,2026-07
Ministry of Coal,Coal,SHARDA UG MINE,(WCL - CIL),78,Madhya Pradesh,07/2022,09/2023,03/2028,,166.25,166.25,5.93,9.39,0.0,2026-07
Ministry of Coal,Coal,BLOCK B EXPANSION [3.5 TO 8.0,(NCL - CIL),70,Madhya Pradesh,07/2019,07/2019,03/2023,03/2027,998.71,998.71,545.34,51.31,0.0,2026-07
Ministry of Coal,Coal,NIGAHI EXPANSION [15 TO 25 MTP,(NCL - CIL),71,Madhya Pradesh,11/2020,11/2020,03/2025,03/2028,1729.68,1729.68,985.35,53.73,0.0,2026-07
Ministry of Coal,Coal,KANCHAN OC EXP,(SECL - CIL),72,Madhya Pradesh,12/2014,12/2014,03/2026,03/2028,371.04,371.04,157.9,58.2,0.0,2026-07
Ministry of Coal,Coal,JHIRIA WEST OCP [1.5 MTY],(SECL - CIL),73,Madhya Pradesh,01/2024,01/2024,03/2029,,366.94,366.94,37.19,41.29,0.0,2026-07
Ministry of Coal,Coal,RPR TAWA-III UG 0.84 MTY,(WCL - CIL),74,Madhya Pradesh,12/2021,12/2021,03/2027,,314.09,314.09,17.9,17.78,0.0,2026-07
Ministry of Coal,Coal,AMALGAMATED DHANKASA & JAMUNIA,(WCL - CIL),75,Madhya Pradesh,09/2022,09/2022,03/2027,,399.2,399.2,117.2,67.13,0.0,2026-07
Ministry of Coal,Coal,RPR OF VISHNUPURI UG TO OC,(WCL - CIL),76,Madhya Pradesh,11/2022,11/2022,03/2029,,220.62,220.62,0.0,11.2,0.0,2026-07
Ministry of Coal,Coal,North Dhadu Western Part OCP,(NLC India Limited [NLCIL]),68,Jharkhand,10/2023,12/2023,03/2029,,1354.2,1354.2,233.77,40.0,0.0,2026-07
Ministry of Coal,Coal,AMADAND OCP[4.0MTY],(SECL - CIL),69,Madhya Pradesh,03/2016,03/2016,03/2021,03/2027,869.44,869.44,325.09,75.15,0.0,2026-07
Ministry of Coal,Coal,GANDHIGRAM UG MINE,(WCL - CIL),79,Madhya Pradesh,08/2019,08/2019,03/2026,03/2027,414.15,414.15,28.54,56.88,0.0,2026-07
Ministry of Coal,Coal,JAYANT EXPN. [20 TO 38 MTPA],(NCL - CIL),80,Madhya Pradesh,02/2025,02/2025,03/2032,,25560.48,25560.48,333.3,2.1,0.0,2026-07
Ministry of Coal,Coal,RPR FOR RAMPUR BATURA OCP,(SECL - CIL),81,Madhya Pradesh,05/2025,05/2025,03/2030,,1604.69,1604.69,75.28,0.3,0.0,2026-07
Ministry of Coal,Coal,BHATADI EXPANSION OC,(WCL - CIL),82,Maharashtra,02/2020,05/2022,03/2028,,580.61,580.61,112.17,34.25,0.0,2026-07
Ministry of Coal,Coal,AMALGAMATED YEKONA I & YEKONA,(WCL - CIL),83,Maharashtra,08/2015,08/2015,03/2025,03/2027,727.28,727.28,564.25,80.77,0.0,2026-07
Ministry of Coal,Coal,DINESH[MAKARDHOKRA-III] OC,(WCL - CIL),84,Maharashtra,02/2020,02/2020,03/2027,,822.88,822.88,792.0,40.63,0.0,2026-07
Ministry of Coal,Coal,DHUPTALA OC [SASTI UG TO OC ],(WCL - CIL),85,Maharashtra,02/2019,10/2021,03/2028,,711.01,711.01,174.66,19.02,0.0,2026-07
Ministry of Coal,Coal,URDHAN EXPANSION OC COST PLUS,(WCL - CIL),77,Madhya Pradesh,07/2022,01/2023,03/2031,,206.88,206.88,50.69,2.02,0.0,2026-07
Ministry of Coal,Coal,SAONER UG MINE -1 EXPANSION 1.,(WCL - CIL),86,Maharashtra,01/2022,01/2022,03/2028,,228.64,228.64,157.01,69.33,0.0,2026-07
Ministry of Coal,Coal,RPR OF BHANEGAON OC,(WCL - CIL),98,Maharashtra,02/2017,09/2022,03/2028,,405.2,405.2,43.16,16.06,0.0,2026-07
Ministry of Coal,Coal,NEW MAJRI UG TO OC 3 MTY COST,(WCL - CIL),88,Maharashtra,05/2019,09/2022,03/2027,,402.27,402.27,67.81,24.17,0.0,2026-07
Ministry of Coal,Coal,SINGHORI DEEP OC MIN 2.0 MTY,(WCL - CIL),90,Maharashtra,05/2022,05/2022,03/2029,,335.75,335.75,53.94,9.64,0.0,2026-07
Ministry of Coal,Coal,GOKUL EXTENSION OC MINE,(WCL - CIL),91,Maharashtra,04/2021,04/2021,03/2026,03/2027,309.58,309.58,62.31,8.44,0.0,2026-07
Ministry of Coal,Coal,KOLGAON EXPANSION DEEP OC MINE,(WCL - CIL),92,Maharashtra,01/2023,09/2023,03/2027,,198.71,198.71,25.08,3.93,0.0,2026-07
Ministry of Coal,Coal,BALLARPUR NORTH WEST OC MINE,(WCL - CIL),93,Maharashtra,12/2022,12/2022,03/2029,,360.81,360.81,26.97,5.35,0.0,2026-07
Ministry of Coal,Coal,GADEGAON OC 3 MTY,(WCL - CIL),94,Maharashtra,10/2023,10/2023,03/2030,,497.41,497.41,95.69,2.19,0.0,2026-07
Ministry of Coal,Coal,GHONSA EXPANSION DEEP OC MINE,(WCL - CIL),95,Maharashtra,03/2021,04/2021,03/2029,,184.71,184.71,15.72,12.98,0.0,2026-07
Ministry of Coal,Coal,AMLG GAURI PAUNI EXPANSION OC,(WCL - CIL),96,Maharashtra,04/2024,04/2024,03/2030,,1225.21,1225.21,92.02,4.21,0.0,2026-07
Ministry of Coal,Coal,KOLARPIMPRI EXPANSION OC [2.5,(WCL - CIL),106,Maharashtra,06/2024,02/2025,03/2030,,630.37,630.37,0.61,0.4,0.0,2026-07
Ministry of Coal,Coal,Kakatiyakhani OC - 2 Project,(Singareni Collieries Company Limited [SCCL]),128,Telangana,08/2017,09/2017,03/2025,03/2026,442.42,442.42,253.41,64.0,0.0,2026-07
Ministry of Coal,Coal,N. EXTN. MUNGOLI NIRGUDA D OCP,(WCL - CIL),99,Maharashtra,06/2024,06/2024,03/2029,,1024.91,1024.91,218.26,27.92,0.0,2026-07
Ministry of Coal,Coal,NILJAI EXPANSION DEEP OCP,(WCL - CIL),100,Maharashtra,08/2016,08/2016,03/2022,03/2027,319.75,319.75,196.82,79.83,0.0,2026-07
Ministry of Coal,Coal,UKNI DEEP OC MINE -COST PLUS,(WCL - CIL),101,Maharashtra,11/2018,01/2019,03/2021,03/2027,237.06,237.06,168.91,94.57,0.0,2026-07
Ministry of Coal,Coal,AMALGAMATED INDER-KAMPTEE DEEP,(WCL - CIL),102,Maharashtra,09/2018,09/2018,03/2024,03/2027,235.9,235.9,128.49,98.97,0.0,2026-07
Ministry of Coal,Coal,ADASA UG TO OC MINE,(WCL - CIL),103,Maharashtra,11/2018,11/2018,03/2024,03/2027,316.0,316.0,209.29,86.49,0.0,2026-07
Ministry of Coal,Coal,AMAL GONDEGAON GHATROHANA EXPN,(WCL - CIL),104,Maharashtra,09/2024,09/2024,03/2029,,668.54,668.54,2.95,2.55,0.0,2026-07
Ministry of Coal,Coal,WAGHODA UG MINE [1.02 MTY],(WCL - CIL),105,Maharashtra,01/2024,01/2025,03/2030,,379.3,379.3,0.0,0.11,0.0,2026-07
Ministry of Coal,Coal,GAURIDEEP/GAURI CENTRAL OCP 7.,(WCL - CIL),97,Maharashtra,08/2023,06/2024,03/2030,,973.07,973.07,1.55,2.31,0.0,2026-07
Ministry of Coal,Coal,MOHANPUR EXPANSION OC -PHASE I,(Eastern Coal Fields Limited [ECL]),129,West Bengal,11/2020,11/2020,03/2026,03/2030,888.99,888.99,153.96,31.52,0.0,2026-07
Ministry of Coal,Coal,SAONER-III EXPN UG MINE 1.54,(WCL - CIL),107,Maharashtra,08/2025,08/2025,03/2032,,444.42,444.42,0.0,0.0,0.0,2026-07
Ministry of Coal,Coal,BALARAM EXPANSION OCP,(Mahanadi Coalfields Limited [MCL]),112,Odisha,08/2020,08/2020,03/2029,,3504.21,3504.21,963.81,62.06,0.0,2026-07
Ministry of Coal,Coal,MOONIDIH XV SEAM UG,(BCCL - CIL),58,Jharkhand,08/2011,08/2011,03/2019,09/2026,1230.27,1230.27,800.25,84.02,0.0,2026-07
Ministry of Coal,Coal,GOPALJI KANIHA OCP [10 TO 30 M,(MCL - CIL),113,Odisha,04/2022,04/2022,03/2030,,8416.19,6107.87,1777.54,35.8,-27.42713745768573,2026-07
Ministry of Coal,Coal,INTEGRATED LAKHANPUR-BELPAHAR-,(MCL - CIL),114,Odisha,05/2018,05/2018,03/2027,,2434.75,2434.75,2133.7,82.9,0.0,2026-07
Ministry of Coal,Coal,BHARATPUR RE-ORGANIZATION OCP,(MCL - CIL),115,Odisha,11/2018,11/2018,03/2029,,2838.86,2838.86,1716.58,53.54,0.0,2026-07
Ministry of Coal,Coal,Naini Coal Mine,(Singareni Collieries Company Limited [SCCL]),116,Odisha,03/2020,03/2020,03/2026,,494.3,494.3,491.33,80.0,0.0,2026-07
Ministry of Coal,Coal,INTEGRATED KULDA GARJANBAHAL O,(MCL - CIL),117,Odisha,04/2023,04/2023,03/2033,,3563.5,3563.5,692.76,10.43,0.0,2026-07
Ministry of Coal,Coal,BHUBANESWARI EXPN OCP 50 MTY,(MCL - CIL),118,Odisha,03/2024,03/2024,03/2033,,5366.27,5366.27,477.73,34.03,0.0,2026-07
Ministry of Coal,Coal,SIARMAL OCP,(Mahanadi Coalfields Limited [MCL]),111,Odisha,02/2021,02/2021,03/2029,,5194.95,5194.95,3543.45,61.04,0.0,2026-07
Ministry of Coal,Coal,HINGULA II OC EXPN PH III 15 M,(MCL - CIL),119,Odisha,11/2022,11/2022,03/2029,,1561.85,1561.85,284.22,33.55,0.0,2026-07
Ministry of Coal,Coal,Talabira II & III OCP - FMC,(NLC India Limited [NLCIL]),121,Odisha,10/2022,05/2023,06/2026,12/2026,522.45,522.45,334.44,74.8,0.0,2026-07
Ministry of Coal,Coal,Jawahar Khani Open Cast Mine,(Singareni Collieries Company Limited [SCCL]),122,Telangana,12/2021,12/2021,03/2025,03/2027,297.88,297.88,50.39,20.0,0.0,2026-07
Ministry of Coal,Coal,Kalyanikhani Opencast Project,(Singareni Collieries Company Limited [SCCL]),123,Telangana,03/2016,05/2017,03/2026,,384.32,384.32,304.39,77.0,0.0,2026-07
Ministry of Coal,Coal,Godavarikhani Coal Mine - 5,(Singareni Collieries Company Limited [SCCL]),124,Telangana,07/2019,05/2019,03/2025,03/2026,607.04,607.04,201.0,71.0,0.0,2026-07
Ministry of Coal,Coal,Indaram Opencast Project,(Singareni Collieries Company Limited [SCCL]),125,Telangana,08/2017,12/2022,03/2025,03/2026,424.81,424.81,408.69,81.0,0.0,2026-07
Ministry of Coal,Coal,Goleti Opencast Mine,(Singareni Collieries Company Limited [SCCL]),126,Telangana,07/2021,08/2021,03/2026,,345.6,345.6,111.94,33.0,0.0,2026-07
Ministry of Coal,Coal,Venkatesh Khani Coal Mine,(Singareni Collieries Company Limited [SCCL]),127,Telangana,10/2020,06/2020,03/2026,,484.5,484.5,477.14,97.0,0.0,2026-07
Ministry of Coal,Coal,BALABHADRA OCP,(MCL - CIL),120,Odisha,04/2023,04/2023,03/2030,,978.44,978.44,461.54,18.93,0.0,2026-07
Ministry of Coal,Coal,SASTI EXPANSION OPENCAST,(WCL - CIL),87,Maharashtra,08/2020,08/2020,03/2026,03/2027,319.04,319.04,155.37,32.21,0.0,2026-07
Ministry of Coal,Coal,BONJEMEHARI EXPANSION OCP,(Eastern Coal Fields Limited [ECL]),130,West Bengal,08/2021,08/2021,03/2026,03/2030,570.11,570.11,98.58,17.13,0.0,2026-07
Ministry of Power,Coal,"Koderma Thermal Power Station Phase II [2X800 MW] At Koderma, Jharkhand",(Damodar Valley Corporation),167,Jharkhand,04/2023,11/2024,07/2029,,14358.0,14358.0,2229.31,14.3,0.0,2026-07
Ministry of Coal,Coal,JHANJRA EXPANSION UG,(Eastern Coal Fields Limited [ECL]),133,West Bengal,04/2020,04/2020,03/2029,,1210.12,1210.12,633.57,52.04,0.0,2026-07
Ministry of Coal,Coal,SONEPUR BAZARI EXPANSION OCP [,(Eastern Coal Fields Limited [ECL]),134,West Bengal,07/2021,07/2021,03/2029,,5365.88,5365.88,697.64,18.5,0.0,2026-07
Ministry of Coal,Coal,ITAPARA OCP,(Eastern Coal Fields Limited [ECL]),135,West Bengal,12/2023,12/2023,03/2030,,929.1,929.1,132.43,8.41,0.0,2026-07
Ministry of Coal,Coal,SHYAMSUNDARPUR UG INCLUDING SA,(ECL - CIL),136,West Bengal,04/2020,04/2020,03/2026,03/2028,483.65,483.65,96.8,16.79,0.0,2026-07
Ministry of Coal,Coal,PARASEA-BELBAID UG PROJECT,(ECL - CIL),137,West Bengal,01/2023,01/2023,03/2028,,389.1,389.1,132.48,22.26,0.0,2026-07
Ministry of Coal,Coal,PARASCOLE JAMBAD OCP,(ECL - CIL),138,West Bengal,11/2024,11/2024,03/2037,,1193.55,1193.55,11.81,0.23,0.0,2026-07
Ministry of Power,Coal,Dhaulasidh Hydro Electric Project [66 MW],(Satluj Jal Vidyut Nigam [SJVN] Thermal Limited),159,Himachal Pradesh,10/2020,05/2021,11/2025,03/2027,687.97,1763.31,1275.68,80.69,156.30623428347164,2026-07
Ministry of Coal,Coal,TILABONI UG,(ECL - CIL),132,West Bengal,01/2023,01/2023,03/2029,,749.08,749.07,53.97,12.14,-0.0013349708976332173,2026-07
Ministry of Coal,Coal,NLC Talabira Thermal Power Project,(NLC India Limited),143,Odisha,01/2017,01/2024,03/2030,,27212.96,27212.96,3574.21,4.1,0.0,2026-07
Ministry of Power,Coal,Badam Coal Mining project of NTPC,(National Thermal Power Corporation [NTPC]),148,Jharkhand,02/2019,09/2019,12/2056,04/2027,502.0,784.0,438.57,67.86,56.17529880478087,2026-07
Ministry of Power,Coal,Kalai-II Hydro Electric Project [1200 MW],(THDC India Limited),153,Arunachal Pradesh,04/2026,04/2026,10/2032,,14105.83,14105.83,189.68,0.0,0.0,2026-07
Ministry of Power,Coal,Buxar Thermal Power Project [1320 MW],(Satluj Jal Vidyut Nigam [SJVN] Thermal Limited),154,Bihar,03/2019,06/2019,01/2024,05/2026,10439.09,13756.56,13731.77,95.01,31.779302602046723,2026-07
Ministry of Power,Coal,"Nabinagar Super Thermal Power Project, Stage-II [3x800 MW]",(National Thermal Power Corporation [NTPC]),155,Bihar,11/2024,03/2025,07/2030,07/2030,29948.0,29948.0,3422.25,15.0,0.0,2026-07
Ministry of Power,Coal,Lara Super Thermal Power Project Stage-II [2 x 800 MW],(National Thermal Power Corporation [NTPC]),156,Chhattisgarh,08/2023,08/2023,06/2028,11/2028,15530.0,16106.0,5472.13,33.5,3.708950418544752,2026-07
Ministry of Power,Coal,"Sipat Super Thermal Power Project, Stage-III [1x800 MW]",(National Thermal Power Corporation [NTPC]),157,Chhattisgarh,09/2024,09/2024,09/2029,11/2029,9791.0,9791.0,1910.55,22.31,0.0,2026-07
Ministry of Coal,Coal,Shivpur-Kathautia New Rail [BG] Line [49 km] [Package II of Tori-Shivpur-Kathautia line],(Ministry of Coal),146,Jharkhand,02/2018,05/2022,06/2025,06/2027,1799.64,2564.34,1784.77,72.0,42.49183169967326,2026-07
Ministry of Power,Coal,Tubed Coal Mine,(Damodar Valley Corporation),147,Jharkhand,07/2016,10/2016,05/2026,12/2026,1581.0,1581.0,624.86,37.0,0.0,2026-07
Ministry of Coal,Coal,NAKRAKONDA KUMARDIH- B OCP,(ECL - CIL),131,West Bengal,08/2018,08/2018,03/2029,,502.68,502.67,88.9,28.58,-0.0019893371528588574,2026-07
Ministry of Power,Coal,Bagodara Solar Power Project,(Satluj Jal Vidyut Nigam [SJVN] Thermal Limited),158,Gujarat,03/2021,05/2021,12/2025,12/2025,339.35,339.35,370.0,51.86,0.0,2026-07
Ministry of Coal,Coal,MAKARDHOKRA EXPN OC 4.9 MTY,(WCL - CIL),89,Maharashtra,06/2022,06/2022,03/2026,03/2027,361.87,361.87,104.17,12.2,0.0,2026-07
Ministry of Power,Coal,"Gadarwara Super Thermal Power Project, Stage-II [2x800 MW]",(National Thermal Power Corporation [NTPC]),168,Madhya Pradesh,11/2024,05/2025,03/2030,03/2030,20446.0,20446.0,2329.76,11.5,0.0,2026-07
Ministry of Power,Coal,"Darlipali Super Thermal Power Project, Stage-II [1x800 MW]",(National Thermal Power Corporation [NTPC]),171,Odisha,11/2025,11/2025,01/2031,05/2031,11131.0,11131.0,566.2,2.7,0.0,2026-07
Ministry of Power,Coal,"TEESTA-VI HE PROJECT, SIKKIM [500 MW], executed by LANCO TEESTA HYDRO POWER LIMITED [A wholly owned Subsidiary of NHPC LTD. acquired through NCLT]",(National Hydroelectric Power Corporation Limited [NHPC]),172,Sikkim,03/2019,03/2020,03/2024,09/2029,5748.04,5748.04,4572.68,73.78,0.0,2026-07
Ministry of Power,Coal,Rangit-IV HE Project [120 MW] executed by Jal Power Corporation Ltd. [JPCL] - A wholly owned subsidiary of NHPC Ltd. acquired through NCLT,(National Hydroelectric Power Corporation Limited [NHPC]),173,Sikkim,03/2021,08/2021,05/2024,11/2026,938.29,1828.11,1718.16,97.56,94.83421969753488,2026-07
Ministry of Power,Coal,"Telangana Super Thermal Power Project , Stage-II [3 x 800 MW]",(National Thermal Power Corporation [NTPC]),174,Telangana,03/2026,03/2026,01/2032,,29344.85,29344.85,732.96,0.97,0.0,2026-07
Ministry of Power,Coal,"Meja Thermal Power Project, Stage-II , (3x800 MW)",(National Thermal Power Corporation [NTPC]),175,Uttar Pradesh,06/2026,06/2026,12/2032,,38358.0,38358.0,1002.73,0.02,0.0,2026-07
Ministry of Power,Coal,Sunni Dam Hydro Electric Project [382 MW],(Satluj Jal Vidyut Nigam [SJVN] Thermal Limited),161,Himachal Pradesh,01/2023,01/2023,04/2028,12/2029,2614.51,4555.49,1152.21,34.66,74.23876749371773,2026-07
Ministry of Power,Coal,Luhri Stage-I Hydro Electric Project [210 MW],(Satluj Jal Vidyut Nigam [SJVN] Thermal Limited),160,Himachal Pradesh,11/2020,11/2020,01/2026,05/2030,1810.56,4345.31,1980.59,52.13,139.99812212796044,2026-07
Ministry of Power,Coal,"Singrauli Super Thermal Power Project, Stage-III [2x800 MW]",(National Thermal Power Corporation [NTPC]),176,Uttar Pradesh,03/2024,03/2024,02/2030,04/2030,17195.0,17195.0,3840.48,25.0,0.0,2026-07
Ministry of Power,Coal,"Raghunathpur Thermal Power Station Phase II [2X660 MW] at Raghunathpur, Purulia, West Bengal",(Damodar Valley Corporation),179,West Bengal,01/2023,02/2025,08/2029,,17673.0,17673.0,2268.62,13.0,0.0,2026-07
Ministry of Power,Coal,Rammam-III HEPP [3x40 MW],(National Thermal Power Corporation [NTPC]),180,West Bengal,09/2014,09/2014,09/2019,09/2029,1381.84,2865.56,1690.73,57.86,107.37277832455278,2026-07
Ministry of Power,Coal,Installation of FGD for 4x210 & 2x250 MW MTPS U 1-6,(Damodar Valley Corporation),181,West Bengal,06/2019,02/2021,01/2024,09/2026,1037.0,1106.0,1143.06,97.0,6.653809064609451,2026-07
Ministry of Power,Coal,North Eastern Region Expansion Scheme-XXIII [NERES-XXIII],(Power Grid Corporation of India Limited [POWERGRID]),183,Arunachal Pradesh,08/2025,08/2025,02/2028,,209.38,209.38,3.14,3.89,0.0,2026-07
Ministry of Power,Coal,Transmission system for evacuation of Power from REZ in Rajasthan [20 GW] under phase-III Part-D Phase-II,(Power Grid Corporation of India Limited [POWERGRID]),184,Delhi,11/2023,10/2024,02/2026,12/2026,284.0,284.0,90.88,45.94,0.0,2026-07
Ministry of Power,Coal,Transmission System for Evacuation of Power from Potential Energy Renewable Zone in Khavda Area of Gujarat under Ph-IV [7GW] Part E2,(Power Grid Corporation of India Limited [POWERGRID]),186,Gujarat,05/2024,05/2024,05/2026,09/2026,697.0,697.0,592.45,82.0,0.0,2026-07
Ministry of Power,Coal,Tapovan-Vishnugad HEP [4x130 MW],(National Thermal Power Corporation [NTPC]),177,Uttarakhand,11/2006,11/2006,03/2013,07/2029,2978.0,10907.3,7827.81,76.07,266.2625923438549,2026-07
Ministry of Power,Coal,Vishnugad Pipalkoti Hydro Electric Project [444 MW],(THDC India Limited),178,Uttarakhand,08/2008,01/2014,12/2022,06/2028,3860.35,6405.08,5832.69,81.5,65.91967049619853,2026-07
Ministry of Petroleum & Natural Gas,Energy Storage,"City Gas Distribution Projects at Fazilka [except area already authorized], Ganganagar and Hanumangarh districts",(Bharat Petroleum Corporation Limited [BPCL]),416,Rajasthan,12/2022,12/2022,06/2030,,3207.0,3207.0,429.3,31.1,0.0,2026-07
Ministry of Power,Coal,Network Expansion Scheme in Maharashtra for removal of Transmission constraints in Pune Region-I [765/400kV AIS Pune East],(Power Grid Corporation of India Limited [POWERGRID]),214,Maharashtra,03/2026,03/2026,03/2028,,1420.0,1420.0,38.9,3.92,0.0,2026-07
Ministry of Power,Coal,Jamnagar Transmission Limited,(Adani Transmission Limited),193,Gujarat,10/2024,10/2024,10/2026,09/2027,4000.0,4000.0,698.0,24.0,0.0,2026-07
Ministry of Power,Coal,KPSIII HVDC Transmission Limited,(Adani Transmission Limited),195,Gujarat,12/2025,12/2025,12/2029,,19000.0,19000.0,20.0,1.0,0.0,2026-07
Ministry of Power,Coal,Transmission System for Reliable Power Supply to Dholera,(Power Grid Corporation of India Limited [POWERGRID]),196,Gujarat,09/2024,09/2024,03/2026,12/2026,319.42,319.42,70.27,35.2,0.0,2026-07
Ministry of Power,Coal,Khavda IVA Power Transmission Limited,(Adani Transmission Limited),197,Gujarat,08/2024,08/2024,08/2026,03/2027,4500.0,4500.0,2772.7,70.0,0.0,2026-07
Ministry of Power,Coal,Transmission System Strengthening at Davanagere for Integration of RE Generation [SPV Name - POWERGRID Davanagere Power Transmission Limited],(Power Grid Corporation of India Limited [POWERGRID]),204,Karnataka,09/2025,09/2025,09/2027,,379.0,379.0,17.06,2.5,0.0,2026-07
Ministry of Power,Coal,Transmission System Strengthening for integration of additional RE Potential at Davanagere [0.25 GW] and Bellary [2.75 GW],(Power Grid Corporation of India Limited [POWERGRID]),205,Karnataka,02/2026,02/2026,02/2028,,1111.0,1111.0,22.22,1.0,0.0,2026-07
Ministry of Power,Coal,Augmentation of 1x500 MVA 400/220kV ICT [3rd] at Thrissur VSC HVDC Station in Kerala,(Power Grid Corporation of India Limited [POWERGRID]),206,Kerala,08/2025,08/2025,08/2027,12/2027,173.14,173.14,2.08,1.5,0.0,2026-07
Ministry of Housing & Urban Affairs,Construction,Surat Metro Rail Project,(Gujarat Metro Rail Corporation Limited [GMRCL]),254,Gujarat,03/2019,03/2019,03/2024,03/2027,12020.32,12020.32,9332.21,81.9,0.0,2026-07
Ministry of Power,Coal,WRNES Talegaon Power Transmission Limited,(Adani Transmission Limited),213,Maharashtra,05/2025,05/2025,01/2028,,2000.0,2000.0,25.0,5.0,0.0,2026-07
Ministry of Power,Coal,Transmission System for Evacuation of power from Rajasthan REZ Ph-IV [Part-1] [Bikaner Complex] Part A [Bikaner Neemrana Transmission Ltd],(Power Grid Corporation of India Limited [POWERGRID]),237,Rajasthan,12/2023,12/2023,12/2025,04/2027,4741.0,4741.0,3887.62,79.39,0.0,2026-07
Ministry of Power,Coal,Transmission System under ISTS for evacuation of Power from Kudankulam Unit-3&4 [2x1000 MW] [SPV Name POWERGRID Kudankulam Tarnsmission Limited],(Power Grid Corporation of India Limited [POWERGRID]),243,Tamil Nadu,01/2025,01/2025,12/2026,03/2027,548.0,548.0,208.24,23.78,0.0,2026-07
Ministry of Power,Coal,Transmission System for Strengthening to facilitate evacuation of power from Bhadla/Bikaner Complex,(Power Grid Corporation of India Limited [POWERGRID]),244,Uttar Pradesh,12/2024,12/2024,06/2026,12/2026,212.81,212.81,12.76,12.07,0.0,2026-07
Ministry of Housing & Urban Affairs,Construction,Rehablitation in Junavadaj Area Smart City Project,(ministry of housing and urban affairs),248,Gujarat,02/2016,06/2016,07/2022,07/2026,539.0,539.0,623.44,98.5,0.0,2026-07
Ministry of Housing & Urban Affairs,Construction,Green Building Development Project,(ministry of housing and urban affairs),249,Uttarakhand,11/2019,08/2019,11/2023,12/2026,150.97,206.0,59.51,40.3,36.45095051997085,2026-07
Ministry of Housing & Urban Affairs,Construction,Delhi Metro Rail Phase-IV [2 Corridors],(Delhi Metro Rail Corporation Limited [DMRC]),251,Delhi,03/2024,03/2024,03/2029,,8399.81,8399.81,183.23,4.31,0.0,2026-07
Ministry of Housing & Urban Affairs,Construction,Delhi Metro Rail Phase V A,(Delhi Metro Rail Corporation Limited [DMRC]),252,Delhi,01/2026,01/2026,12/2028,,12014.91,12014.91,264.98,5.65,0.0,2026-07
Ministry of Power,Coal,Provision of ICT Augmentation & Bus Reactor at Bhuj-II PS,(Power Grid Corporation of India Limited [POWERGRID]),194,Gujarat,03/2025,03/2025,12/2026,06/2027,581.74,581.74,17.45,7.2,0.0,2026-07
Ministry of Housing & Urban Affairs,Construction,DMRTS Phase - IV [3 Priority Corridors],(Delhi Metro Rail Corporation Limited [DMRC]),253,Delhi,07/2019,07/2019,03/2025,12/2026,24948.65,24948.65,21420.76,83.46,0.0,2026-07
Ministry of Housing & Urban Affairs,Construction,"Metro connectivity from Millennium City Centre to Cyber City with Spur to Dwarka Expressway, Gurugram.",(Gurugram Metro Rail Limited [GMRL]),255,Haryana,07/2023,08/2024,07/2027,,5452.72,5452.72,193.32,10.05,0.0,2026-07
Ministry of Housing & Urban Affairs,Construction,Chennai Metro Rail Phase-II Development Project,(Chennai Metro Rail Limited [CMRL]),275,Tamil Nadu,10/2024,11/2020,08/2029,,63246.0,63246.0,34698.0,55.73,0.0,2026-07
Ministry of Housing & Urban Affairs,Construction,Construction Bangalore Metro Rail Project Phase-2A & 2B,(Bengaluru Metro Rail),258,Karnataka,06/2021,01/2019,06/2026,06/2026,14788.1,14788.1,10878.48,67.5,0.0,2026-07
Ministry of Housing & Urban Affairs,Construction,Kochi Metro Rail Phase 2 Development Project,(CSPCC Projects),259,Kerala,11/2022,11/2022,11/2026,11/2026,1957.05,1957.05,816.8,41.2,0.0,2026-07
Ministry of Housing & Urban Affairs,Construction,Bhopal Metro Rail Project,(Madhya Pradesh Metro Rail Co Limited [MPMRCL]),260,Madhya Pradesh,11/2018,11/2018,11/2022,06/2028,6941.4,6941.4,4498.76,62.7,0.0,2026-07
Ministry of Housing & Urban Affairs,Construction,Indore Metro Rail Project,(Madhya Pradesh Metro Rail Co Limited [MPMRCL]),261,Madhya Pradesh,11/2018,11/2018,11/2022,12/2028,7500.8,7500.8,5093.95,65.48,0.0,2026-07
Ministry of Housing & Urban Affairs,Construction,PCMC To Nigdi- Extension Of North South Corridor Of Phase-1,(Maharashtra Metro Rail Corporation Limited [MMRCL]),262,Maharashtra,10/2023,10/2023,01/2027,,910.18,960.18,322.59,49.12,5.493418884176757,2026-07
Ministry of Housing & Urban Affairs,Construction,Pune Metro Phase-1 Extension line towards south from Swargate to Katraj,(Maharashtra Metro Rail Corporation Limited [MMRCL]),263,Maharashtra,09/2024,09/2024,03/2029,,2954.53,2954.53,190.07,9.04,0.0,2026-07
Ministry of Housing & Urban Affairs,Construction,Bangalore Metro Rail Project - PHASE-3,(Bengaluru Metro Rail),256,Karnataka,09/2024,06/2026,05/2031,,15611.0,15611.0,0.0,3.8,0.0,2026-07
Ministry of Petroleum & Natural Gas,Energy Storage,Mehsana-Bhatinda & Bhatinda-Jammu Natural Gas Pipeline,(Indian Oil Corporation Limited [IOCL]),415,Rajasthan,07/2011,07/2011,06/2024,,7392.0,7392.0,6360.86,90.2,0.0,2026-07
Ministry of Housing & Urban Affairs,Construction,Thane Integral Ring Metro Rail Project,(Maharashtra Metro Rail Corporation Limited [MMRCL]),264,Maharashtra,09/2024,09/2024,09/2029,,12200.1,12200.1,101.17,10.04,0.0,2026-07
Ministry of Housing & Urban Affairs,Construction,New Suburba Station Development Project,(ministry of housing and urban affairs),267,Maharashtra,04/2018,03/2019,07/2022,,262.76,262.76,163.21,48.0,0.0,2026-07
Ministry of Housing & Urban Affairs,Construction,Kalyan Station Precinct Imporvement Project,(ministry of housing and urban affairs),268,Maharashtra,04/2018,07/2020,07/2023,06/2026,600.0,723.7,530.04,85.0,20.616666666666674,2026-07
Ministry of Housing & Urban Affairs,Construction,Mumbai Metro Line 3,(Mumbai Metro Rail Corporation Limited [MMRC]),269,Maharashtra,07/2013,06/2016,03/2023,08/2025,23136.0,37276.0,35959.97,99.21,61.11687413554634,2026-07
Ministry of Housing & Urban Affairs,Construction,Nagpur Metro Rail Phase II Development Project,(Maharashtra Metro Rail Corporation Limited [MMRCL]),270,Maharashtra,12/2022,12/2022,12/2027,,6708.0,6708.0,2161.73,42.11,0.0,2026-07
Ministry of Housing & Urban Affairs,Construction,Rajasthan Metro Rail Project Phase 1C from Badi Chaupar to Transport Nagar via Galta Gate,(Jaipur Metro Rail Corporation),273,Rajasthan,10/2025,09/2023,04/2027,,980.08,980.08,103.03,0.0,0.0,2026-07
Ministry of Housing & Urban Affairs,Construction,Jaipur Metro Phase 1D Project from Mansarovar to Ajmer Road Chauraha,(Jaipur Metro Rail Corporation),274,Rajasthan,05/2026,12/2023,03/2026,,204.81,204.81,23.34,12.48,0.0,2026-07
Ministry of Housing & Urban Affairs,Construction,Pune Metro Rail Project Phase-2 Corridor 2A Vanaz to Chandani Chowk and Corridor 2B Ramwadi to Wagholi/Vitthalwadi,(Maharashtra Metro Rail Corporation Limited [MMRCL]),265,Maharashtra,07/2025,07/2025,07/2029,,3626.24,3626.24,16.17,2.4,0.0,2026-07
Ministry of Housing & Urban Affairs,Construction,Pune Metro Rail Project Phase-2 Line-4 Kharadi to Khadakwasla with Spur Line 4A Nal Stop - Warje - Manikbaug,(Maharashtra Metro Rail Corporation Limited [MMRCL]),266,Maharashtra,12/2025,12/2025,12/2030,,9857.85,9857.85,8.62,1.51,0.0,2026-07
Ministry of Power,Coal,Augmentation of Transformation Capacity at Bhuj-II PS [GIS],(Power Grid Corporation of India Limited [POWERGRID]),192,Gujarat,02/2025,02/2025,11/2026,06/2027,488.29,488.29,14.64,7.2,0.0,2026-07
Ministry of Housing & Urban Affairs,Construction,"Extension of Aqua Line Metro Corridor from Noida Sector-142 station to Botanical Garden, Noida of Noida Metro Rail Corporation",(Noida Metro Rail Corporation Ltd. [NMRCL]),276,Uttar Pradesh,03/2026,03/2026,03/2030,,2254.35,2254.35,0.0,0.0,0.0,2026-07
Ministry of Housing & Urban Affairs,Construction,Kanpur Metro Rail Project,(Uttar Pradesh metro rail corporation [UPMRC]),278,Uttar Pradesh,05/2019,11/2019,05/2024,03/2027,11076.48,11076.48,9463.15,83.0,0.0,2026-07
Ministry of Housing & Urban Affairs,Construction,Agra Metro Rail Project,(Uttar Pradesh metro rail corporation [UPMRC]),279,Uttar Pradesh,05/2019,12/2020,05/2024,06/2027,8379.62,8379.62,6368.28,73.0,0.0,2026-07
Ministry of Housing & Urban Affairs,Construction,Muzaffarpur Storm Water Drainage Phase-I Project,(Ministry of Housing & Urban Affairs),281,Bihar,11/2016,02/2019,10/2023,06/2026,158.78,158.78,135.72,85.0,0.0,2026-07
Ministry of Housing & Urban Affairs,Construction,Sewerage Management Scheme Part-3 Implementation,(Ministry of Housing & Urban Affairs),282,Haryana,03/2017,11/2017,09/2023,09/2026,278.01,278.01,228.49,88.0,0.0,2026-07
Ministry of Housing & Urban Affairs,Construction,Dhanbad Water Supply Infrastructure Project,(Ministry of Housing & Urban Affairs),283,Jharkhand,02/2017,12/2018,03/2023,06/2026,216.55,216.55,129.16,76.0,0.0,2026-07
Ministry of Housing & Urban Affairs,Construction,SAAP-3 Water Supply Infrastructure SAAP-3 Project,(Ministry of Housing & Urban Affairs),284,Jharkhand,02/2017,12/2018,10/2023,06/2026,159.31,159.31,87.5,67.0,0.0,2026-07
Ministry of Housing & Urban Affairs,Construction,Augmentation and Strenghthning of Urban Water Supply Phase 1 - SAAP 3,(Ministry of Housing & Urban Affairs),285,Jharkhand,02/2017,12/2018,03/2023,06/2026,278.28,278.28,186.5,81.0,0.0,2026-07
Ministry of Housing & Urban Affairs,Construction,Belgavi Improvement in Sewerage System Project,(Ministry of Housing & Urban Affairs),286,Karnataka,12/2015,10/2016,07/2023,06/2026,162.73,162.73,79.5,80.0,0.0,2026-07
Ministry of Mines,Construction,Expansion of Alumina Refinery Plant with addition of 5th Stream having capacity enhancement of 1.0 Million Tonee Per Annum,(National Aluminium Company Limited [NALCO]),297,Odisha,04/2017,04/2017,12/2022,06/2026,4103.0,5677.4,5023.49,95.64,38.371922983183026,2026-07
Ministry of Mines,Construction,Pottangi Bauxite Mines Project,(National Aluminium Company Limited [NALCO]),298,Odisha,05/2018,05/2018,03/2025,11/2026,1381.0,1960.77,770.37,52.4,41.981897175959446,2026-07
Ministry of Housing & Urban Affairs,Construction,Singrauli Sewerage Management and Treatment Infrastructure Project,(Ministry of Housing & Urban Affairs),289,Madhya Pradesh,05/2016,11/2017,03/2023,06/2026,402.01,438.1,371.17,90.0,8.977388622173587,2026-07
Ministry of Housing & Urban Affairs,Construction,Kalyan-Dombivali Water Supply Infrastructure Project,(Ministry of Housing & Urban Affairs),290,Maharashtra,07/2016,09/2019,10/2023,08/2026,194.2,194.2,136.56,75.0,0.0,2026-07
Ministry of Housing & Urban Affairs,Construction,Jalandhar Water Supply Infrastructure Project,(Ministry of Housing & Urban Affairs),291,Punjab,11/2016,08/2020,08/2023,08/2026,258.53,266.64,161.02,90.0,3.1369666963215157,2026-07
Ministry of Housing & Urban Affairs,Construction,Patiala Water Supply Infrastructure Part-2 Project,(Ministry of Housing & Urban Affairs),292,Punjab,11/2016,08/2020,10/2023,08/2026,287.0,287.0,213.64,99.0,0.0,2026-07
Ministry of Housing & Urban Affairs,Construction,Jhansi Water Supply Infrastructure Phase-II Project,(Ministry of Housing & Urban Affairs),293,Uttar Pradesh,03/2017,06/2019,07/2023,08/2026,561.74,561.74,506.52,95.0,0.0,2026-07
Ministry of Housing & Urban Affairs,Construction,Lucknow Sewerage Management Infrastructure Project,(Ministry of Housing & Urban Affairs),294,Uttar Pradesh,09/2016,05/2019,03/2023,08/2026,142.46,173.21,152.65,95.0,21.585006317562826,2026-07
Ministry of Mines,Construction,"Construction of Basement + Ground Floor+ 10 Storeyed building for State of the Art Director General, GSI Building at plot No.GN-40, Sector-V, Salt Lake, Kolkata",(Central Public Works Department [CPWD]),295,West Bengal,04/2019,02/2020,08/2026,,255.37,255.37,98.94,64.0,0.0,2026-07
Ministry of Housing & Urban Affairs,Construction,Indore Water Supply Infrastructure Project,(Ministry of Housing & Urban Affairs),287,Madhya Pradesh,12/2016,11/2017,03/2023,06/2026,287.17,287.17,252.5,99.0,0.0,2026-07
Ministry of Housing & Urban Affairs,Construction,Construction of Bangalore Metro Rail Project Phase 2.,(Bengaluru Metro Rail),257,Karnataka,02/2014,02/2016,03/2021,09/2026,26405.14,30695.12,29834.97,95.8,16.246761047280945,2026-07
Ministry of Mines,Construction,SOURCING OF BAUXITE ARRANGEMENT FOR 5TH STREAM ALUMINA REFINERY FROM SOUTH BLOCK MINING LEASE OF PANCHPATMAILI MINES,(National Aluminium Company Limited [NALCO]),299,Odisha,11/2017,11/2019,05/2025,06/2026,483.0,483.0,453.89,93.18,0.0,2026-07
Ministry of Mines,Construction,Establishment of NIT Nagaland,(NIT Nagaland),318,Nagaland,09/2009,12/2014,12/2025,,275.63,275.63,263.25,98.0,0.0,2026-07
Ministry of Mines,Construction,Tezpur University Projects,(Tezpur University),303,Assam,05/2019,06/2021,11/2023,12/2025,153.71,153.71,266.14,97.98,0.0,2026-07
Ministry of Mines,Construction,Additional Campus of NITPatna,(NIT Patna),304,Bihar,07/2022,08/2022,07/2024,01/2026,499.21,499.21,449.96,98.6,0.0,2026-07
Ministry of Mines,Construction,Phase B Construction of Permanent Campus of IIT Bhilai,"(Indian Institute of Technology, Bhilai)",305,Chhattisgarh,05/2025,01/2026,10/2028,,1188.97,1188.97,1.92,0.0,0.0,2026-07
Ministry of Mines,Construction,"Construction of permanent campus of Central University of Gujarat at Village kundhela, Dist. Vadodara, Gujarat.",(Central University of Gujarat),308,Gujarat,12/2020,02/2021,03/2025,03/2026,490.63,490.63,342.26,86.0,0.0,2026-07
Ministry of Mines,Construction,Establishment of Permanent campus Phase 1 of IIM Sirmaur,"(Indian Institute of Management, Sirmaur)",309,Himachal Pradesh,09/2018,08/2020,10/2023,08/2026,392.51,454.78,339.65,98.6,15.864563960153877,2026-07
Ministry of Mines,Construction,Hostel blocks & dining hall block,"(Indian Institute of Technology, Mandi)",310,Himachal Pradesh,03/2023,03/2024,03/2026,09/2026,166.66,166.66,138.26,93.0,0.0,2026-07
Ministry of Mines,Construction,Phase B of Construction of Permanent Campus of IIT Palakkad,(INDIAN INSTITUTE OF TECHNOLOGY PALAKKAD),314,Kerala,05/2025,01/2026,10/2028,,1527.0,1527.0,9.8,0.0,0.0,2026-07
Ministry of Housing & Urban Affairs,Construction,LUCKNOW METRO RAIL PROJECT PHASE-1B EAST WEST CORRIDOR,(Uttar Pradesh metro rail corporation [UPMRC]),277,Uttar Pradesh,09/2025,05/2026,04/2031,,5801.05,5801.05,0.05,2.0,0.0,2026-07
Ministry of Mines,Construction,Construction of Permanent Campus of National Institute of Technology Arunachal Pradesh,"(National Institute of Technology, Arunachal Pradesh)",302,Arunachal Pradesh,09/2009,03/2013,08/2026,08/2024,592.61,592.61,551.3,80.0,0.0,2026-07
Ministry of Mines,Construction,IISER BERHAMPUR,"(Indian Institutes of Science Education and Research, Behrampur)",319,Odisha,10/2018,09/2019,03/2021,06/2026,1229.32,843.09,874.09,98.5,-31.41818240978752,2026-07
Ministry of Mines,Construction,Construction of IIT Bhubaneswar -Phase III,"(Indian Institute of Technology, Bhubaneshwar)",320,Odisha,02/2024,05/2024,11/2026,,454.27,454.27,102.15,10.45,0.0,2026-07
Ministry of Mines,Construction,Establishment of NIT Puducherry Permanent Campus [Phase-I and Phase-II],"(National Institute of Technology, Puducherry)",322,Puducherry,09/2009,07/2013,12/2024,05/2026,618.34,544.34,543.74,99.5,-11.967525956593459,2026-07
Ministry of Mines,Construction,"Construction of Permanent Campus of Indian Institute of Management [IIM] Amritsar, Punjab, Phase-I","(Indian intitue of Management, Amritsar)",323,Punjab,10/2019,07/2020,06/2023,11/2026,348.31,386.86,293.24,91.7,11.067727024776783,2026-07
Ministry of Mines,Construction,"Construction of Girls Hostel 400 seater, Boys Hostel 600 seater, Academic Block, International Hostel 100 seater, VC Residence and Purchase of Equipment",(Central University of Punjab),324,Punjab,08/2024,04/2025,10/2027,,210.99,210.99,99.02,58.0,0.0,2026-07
Ministry of Mines,Construction,"Construction of Sikkim University Campus Phase-I Package-II at Yangang, South Sikkim",(Sikkim University),325,Sikkim,08/2020,01/2022,01/2025,10/2026,314.06,340.55,292.0,96.5,8.43469400751449,2026-07
Ministry of Mines,Construction,Establishment of Permanent Campus of NIT SIkkim at Khamdong-Gangtok District,(NIT Sikkim),326,Sikkim,02/2024,03/2024,02/2028,12/2026,685.76,610.76,283.56,38.0,-10.936770881941204,2026-07
Ministry of Mines,Construction,"Construction of Permanent Campus for NIT Mizoram at Lengpui, Aizawl",(NIT Mizoram),317,Mizoram,09/2009,06/2014,12/2029,03/2022,474.23,474.23,167.55,4.0,0.0,2026-07
Ministry of Mines,Construction,Construction of Precast housing and hostels at IIT Hyderabad,"(Indian Institute of Technology, Hyderabad)",327,Telangana,09/2022,11/2022,10/2024,01/2026,262.0,262.0,223.65,90.39,0.0,2026-07
Ministry of Mines,Construction,Banaras Hindu University [ Kayakalp of Institute of Medical Sciences],(Banaras Hindu University),328,Uttar Pradesh,06/2020,06/2020,09/2022,07/2027,246.0,246.0,212.35,99.1,0.0,2026-07
Ministry of Mines,Construction,"Construction & Development of Infrastructural Facilities in the main campus of NIT Uttarakhand at Sumari, Pauri Garhwal",(National Institute of Technology Uttarakhand),329,Uttarakhand,06/2020,04/2024,09/2027,,650.85,650.85,401.56,63.0,0.0,2026-07
Ministry of Petroleum & Natural Gas,Energy Storage,"Setting up of new rail fed POL facility at Kamardanga, Assam",(Hindustan Petroleum Corporation Limited),333,Assam,03/2023,03/2023,07/2027,,384.04,384.04,250.07,87.5,0.0,2026-07
Ministry of Petroleum & Natural Gas,Energy Storage,Capacity Augmentation of Kandla LPG Import Terminal [KLIT] from 0.6 MMTPA to 2.5 MMTPA,(Indian Oil Corporation Limited [IOCL]),334,Gujarat,05/2023,05/2023,07/2026,,356.86,304.4,168.04,68.0,-14.700442750658532,2026-07
Ministry of Petroleum & Natural Gas,Energy Storage,"Andheri Residential Towers, Mumbai",(Indian Oil Corporation Limited [IOCL]),335,Maharashtra,06/2017,06/2017,05/2025,06/2027,281.35,389.67,281.24,86.0,38.500088857295175,2026-07
Ministry of Petroleum & Natural Gas,Energy Storage,Setting up of 50 MW [plus/minus 5 percent] Wind Power Plant for Captive Consumption at MR,(Bharat Petroleum Corporation Limited [BPCL]),336,Maharashtra,05/2023,05/2023,04/2027,,483.14,483.14,380.62,77.9,0.0,2026-07
Ministry of Petroleum & Natural Gas,Energy Storage,LPG Bottling Plant at Mualkhang,(Indian Oil Corporation Limited [IOCL]),337,Mizoram,07/2024,07/2024,10/2028,03/2028,225.71,225.71,32.45,34.0,0.0,2026-07
Ministry of Petroleum & Natural Gas,Energy Storage,"Petrochemical evacuation marketing terminal at Barmer, Rajasthan",(Hindustan Petroleum Corporation Limited),338,Rajasthan,12/2023,12/2023,12/2026,,461.05,461.05,252.18,97.5,0.0,2026-07
Ministry of Petroleum & Natural Gas,Energy Storage,Petrochemical and Lube Integration Project at Gujarat Refinery,(Indian Oil Corporation Limited [IOCL]),368,Gujarat,09/2020,09/2020,08/2024,11/2026,18936.0,17825.0,13901.13,89.6,-5.867131389945078,2026-07
Ministry of Petroleum & Natural Gas,Energy Storage,"Construction of LPG Facilities at Kamardanga, Assam",(Hindustan Petroleum Corporation Limited),332,Assam,03/2023,03/2023,07/2027,,156.36,156.36,114.1,83.8,0.0,2026-07
Ministry of Petroleum & Natural Gas,Energy Storage,Laying of POL Pipelines in Common Corridor for proposed grass root terminal at Vallur [Chennai],(MinistryofPetroleumNaturalGas),339,Tamil Nadu,01/2022,01/2022,05/2026,03/2027,829.0,829.0,382.47,81.0,0.0,2026-07
Ministry of Petroleum & Natural Gas,Energy Storage,"Grass-root Terminal at Mirzapur, Uttar Pradesh",(Indian Oil Corporation Limited [IOCL]),342,Uttar Pradesh,09/2022,09/2022,11/2026,,980.45,980.45,308.35,77.2,0.0,2026-07
Ministry of Petroleum & Natural Gas,Energy Storage,Paradip-Numaligarh Crude Oil Pipeline [PNCPL] & Crude Oil Import Terminal [COIT] at Paradip,(Numaligarh Refinery Limited),343,West Bengal,01/2019,01/2019,07/2024,10/2026,10228.0,12407.0,11168.49,93.2,21.3042628079781,2026-07
Ministry of Petroleum & Natural Gas,Energy Storage,Provision of four bitumen tanks with capacity of 5 TMT each at Visakh Refinery,(Hindustan Petroleum Corporation Limited),345,Andhra Pradesh,09/2025,09/2025,03/2028,,258.34,258.34,8.67,20.2,0.0,2026-07
Ministry of Petroleum & Natural Gas,Energy Storage,HP-COAT [Crude to Olefins and Aromatics Technology] demo unit at Visakh Refinery,(Hindustan Petroleum Corporation Limited),346,Andhra Pradesh,09/2021,09/2021,06/2024,02/2027,160.0,220.0,158.94,94.0,37.5,2026-07
Ministry of Petroleum & Natural Gas,Energy Storage,Numaligarh Refinery Expansion Project,(Numaligarh Refinery Limited),347,Assam,07/2020,07/2020,07/2024,03/2027,12366.0,25313.0,20411.19,87.0,104.6983664887595,2026-07
Ministry of Petroleum & Natural Gas,Energy Storage,Development of Surface Facilities for production and evacuation of Crude Oil and Natural Gas from Nadua and East Khagorija,(Oil India Limited),348,Assam,01/2018,01/2018,02/2020,12/2026,682.9,726.93,601.12,94.4,6.44750329477229,2026-07
Ministry of Petroleum & Natural Gas,Energy Storage,Multi Product Pipeline from Irugur to Devangonthi,(MinistryofPetroleumNaturalGas),340,Tamil Nadu,11/2012,11/2012,02/2017,09/2026,678.0,1732.0,1206.36,86.4,155.45722713864308,2026-07
Ministry of Petroleum & Natural Gas,Energy Storage,Kandla Gorakhpur LPG Pipeline,(Indian Oil Corporation Limited [IOCL]),341,Uttar Pradesh,12/2018,12/2018,12/2021,10/2026,10088.0,10088.0,8504.21,96.0,0.0,2026-07
Ministry of Petroleum & Natural Gas,Energy Storage,Installation of new Biturox Unit along with allied facilities at Gujarat Refinery,(Indian Oil Corporation Limited [IOCL]),369,Gujarat,01/2022,01/2022,08/2025,12/2026,328.29,344.36,218.17,87.7,4.8950622924853,2026-07
Ministry of Petroleum & Natural Gas,Energy Storage,"Construction of Field Gas Gathering Station at Baghjan area for collection, processing & transportation of natural Gas to be produced from Baghjan Field",(Oil India Limited),349,Assam,12/2020,12/2020,03/2024,11/2026,430.76,430.76,348.65,95.9,0.0,2026-07
Ministry of Petroleum & Natural Gas,Energy Storage,Coke Drum Structure Package,(Numaligarh Refinery Limited),351,Assam,12/2022,12/2022,12/2025,,635.28,635.28,464.46,72.0,0.0,2026-07
Ministry of Petroleum & Natural Gas,Energy Storage,Augmentation/Revamping of Facilities at existing Guwahati Terminal at Betkuchi,(Indian Oil Corporation Limited [IOCL]),353,Assam,04/2022,04/2022,09/2026,,277.0,323.09,236.16,84.3,16.63898916967508,2026-07
Ministry of Petroleum & Natural Gas,Energy Storage,Capacity Expansion of Digboi Refinery from 0.65 to 1.0 MMTPA,(Indian Oil Corporation Limited [IOCL]),354,Assam,06/2022,06/2022,03/2026,07/2027,768.0,740.0,250.84,60.1,-3.6458333333333335,2026-07
Ministry of Petroleum & Natural Gas,Energy Storage,Pipeline Network Project Rudrasagar,(Oil and Natural Gas Corporation Limited [ONGC]),355,Assam,01/2023,01/2023,04/2026,04/2027,481.03,481.03,238.83,55.4,0.0,2026-07
Ministry of Petroleum & Natural Gas,Energy Storage,Borholla GGS Life Extension Project [BLEP],(Oil and Natural Gas Corporation Limited [ONGC]),356,Assam,09/2023,09/2023,05/2026,03/2027,198.7,198.7,110.99,63.5,0.0,2026-07
Ministry of Petroleum & Natural Gas,Energy Storage,DCU Revamp Project,(Numaligarh Refinery Limited),357,Assam,08/2021,08/2021,07/2024,03/2027,370.0,370.0,310.38,80.5,0.0,2026-07
Ministry of Petroleum & Natural Gas,Energy Storage,Power Recovery Turbine [PRT] in PFCCU unit as an Energy Conservation Scheme,(Numaligarh Refinery Limited),358,Assam,04/2023,04/2023,12/2024,12/2026,293.5,293.5,81.84,99.0,0.0,2026-07
Ministry of Petroleum & Natural Gas,Energy Storage,"Setting up of LPG Plant with Rail Unloading Facility at Hathua, Dist. Gopalganj, Bihar",(Bharat Petroleum Corporation Limited [BPCL]),359,Bihar,10/2023,10/2023,03/2027,,340.15,340.15,186.21,56.0,0.0,2026-07
Ministry of Petroleum & Natural Gas,Energy Storage,"Pipeline Rehabilitation Project, Phase-II",(Oil India Limited),350,Assam,12/2024,12/2024,12/2029,,680.0,680.0,13.53,29.0,0.0,2026-07
Ministry of Petroleum & Natural Gas,Energy Storage,Barauni Refinery Capacity Expansion from 6.0 to 9.0 MMTPA,(Indian Oil Corporation Limited [IOCL]),360,Bihar,01/2020,01/2020,04/2023,12/2026,14810.0,16724.0,13089.84,91.8,12.923700202565833,2026-07
Ministry of Petroleum & Natural Gas,Energy Storage,"City Gas Distribution Projects at Darbhanga, Madhubani, Supaul, Sitamarhi and Sheohar districts",(Bharat Petroleum Corporation Limited [BPCL]),362,Bihar,12/2022,12/2022,03/2030,,3638.0,3638.0,493.91,33.6,0.0,2026-07
Ministry of Petroleum & Natural Gas,Energy Storage,"City Gas Distribution Projects at Gopalganj, Siwan, West Champaran, East Champaran and Deoria districts",(Bharat Petroleum Corporation Limited [BPCL]),363,Bihar,12/2022,12/2022,06/2030,,3919.0,3919.0,527.15,30.3,0.0,2026-07
Ministry of Petroleum & Natural Gas,Energy Storage,"City Gas Distribution [CGD] Project in Kondagaon, Bastar, Sukma, Narayanpur, Bijapur & Dantewada GA",(GAIL Gas),364,Chhattisgarh,06/2022,06/2022,06/2030,,557.04,557.04,11.63,2.2,0.0,2026-07
Ministry of Petroleum & Natural Gas,Energy Storage,Redevelopment of Sobhasan Complex,(Oil and Natural Gas Corporation Limited [ONGC]),365,Gujarat,08/2021,08/2021,03/2027,,885.63,1347.61,1062.32,95.6,52.163996251256165,2026-07
Ministry of Petroleum & Natural Gas,Energy Storage,Redevelopment of Santhal Field [Onshore-Mehsana Asset],(Oil and Natural Gas Corporation Limited [ONGC]),366,Gujarat,02/2017,02/2017,03/2026,12/2026,1162.56,1162.56,1127.73,96.8,0.0,2026-07
Ministry of Petroleum & Natural Gas,Energy Storage,Redevelopment of Linch Field,(Oil and Natural Gas Corporation Limited [ONGC]),367,Gujarat,04/2021,04/2021,03/2025,10/2026,631.03,845.42,622.24,93.7,33.974612934408825,2026-07
Ministry of Petroleum & Natural Gas,Energy Storage,"Group Gathering Station, Lakwagaon",(Oil India Limited),352,Assam,10/2025,10/2025,10/2027,,495.59,495.59,20.04,7.8,0.0,2026-07
Ministry of Petroleum & Natural Gas,Energy Storage,Installation of Bitumen Manufacturing Unit along with allied facilities at Barauni Refinery,(Indian Oil Corporation Limited [IOCL]),361,Bihar,01/2022,01/2022,04/2025,06/2027,389.35,410.3,124.57,66.3,5.380762809811221,2026-07
Ministry of Power,Coal,Provision of Dynamic Reactive Compensation at Khavda pooling Station 1 [KPS1] and Khavda Pooling station 3 [KPS3],(Power Grid Corporation of India Limited [POWERGRID]),188,Gujarat,11/2024,11/2024,11/2026,,501.0,501.0,26.45,8.67,0.0,2026-07
Ministry of Petroleum & Natural Gas,Energy Storage,Commercial Polymer Flooding Project in Bechraji field,(Oil and Natural Gas Corporation Limited [ONGC]),370,Gujarat,01/2022,01/2022,11/2024,05/2027,621.4,739.02,280.45,50.0,18.928226585130353,2026-07
Ministry of Petroleum & Natural Gas,Energy Storage,ONGC-BP Redevelopment Phase-1 Scheme of Mumbai High Field,(Oil and Natural Gas Corporation Limited [ONGC]),395,Maharashtra,11/2025,11/2025,03/2027,,3713.4,3908.0,2304.68,56.3,5.240480422254535,2026-07
Ministry of Petroleum & Natural Gas,Energy Storage,"Kalol Redevelopment Project, Ahmedabad Asset",(Oil and Natural Gas Corporation Limited [ONGC]),373,Gujarat,08/2022,08/2022,03/2027,,1487.41,1487.41,946.45,66.0,0.0,2026-07
Ministry of Petroleum & Natural Gas,Energy Storage,"Revamping of SV Stations, Gas Terminal & Kribhco Terminal",(Oil and Natural Gas Corporation Limited [ONGC]),374,Gujarat,11/2022,11/2022,08/2026,,837.34,1119.86,469.99,70.9,33.740177227888296,2026-07
Ministry of Petroleum & Natural Gas,Energy Storage,"Indian Oil Technology Development and Deployment Centre at R&D Campus-II, Faridabad",(Indian Oil Corporation Limited [IOCL]),375,Haryana,06/2019,06/2019,12/2022,07/2027,2281.94,3200.0,1922.03,65.4,40.231557359089194,2026-07
Ministry of Petroleum & Natural Gas,Energy Storage,Poly Butadiene Rubber plant at Panipat,(Indian Oil Corporation Limited [IOCL]),376,Haryana,03/2022,03/2022,03/2025,12/2026,1459.0,2531.44,1560.24,90.1,73.50514050719671,2026-07
Ministry of Petroleum & Natural Gas,Energy Storage,Capacity Expansion of Panipat Refinery from 15 to 25 MMTPA,(Indian Oil Corporation Limited [IOCL]),377,Haryana,02/2021,02/2021,09/2024,12/2026,34627.0,36225.0,28007.35,94.3,4.61489589049008,2026-07
Ministry of Petroleum & Natural Gas,Energy Storage,"Installation of Multiple Effect Evaporator [MEE] for ETP-1, 2 & 4 of Panipat Refinery and Petrochemical Complex.",(Indian Oil Corporation Limited [IOCL]),378,Haryana,12/2020,12/2020,06/2023,10/2026,165.13,247.69,193.38,92.5,49.99697208260159,2026-07
Ministry of Petroleum & Natural Gas,Energy Storage,Petro Resid Fluidized Catalytic Cracking [PRFCC] Unit and its associated facilities at Mumbai Refinery,(Bharat Petroleum Corporation Limited [BPCL]),392,Maharashtra,05/2025,05/2025,09/2029,,13626.0,13626.0,93.6,7.2,0.0,2026-07
Ministry of Petroleum & Natural Gas,Energy Storage,Old Pipe Line Replacement [OPRP] Group-A,(Oil and Natural Gas Corporation Limited [ONGC]),372,Gujarat,07/2021,07/2021,07/2025,11/2026,173.03,169.84,168.22,94.6,-1.8436109345200242,2026-07
Ministry of Petroleum & Natural Gas,Energy Storage,Laying of Natural Gas Pipeline from Hazaribagh to Ranchi [HRPL],(Indian Oil Corporation Limited [IOCL]),381,Jharkhand,02/2023,02/2023,02/2026,03/2027,202.07,202.07,65.98,58.4,0.0,2026-07
Ministry of Petroleum & Natural Gas,Energy Storage,City Gas Distribution Maharashtra Natural Gas Limited,(Gas Authority of India Limited [GAIL]),384,Karnataka,01/2006,01/2006,06/2031,,5535.0,5535.0,4481.93,47.0,0.0,2026-07
Ministry of Petroleum & Natural Gas,Energy Storage,Revamping/ Augmentation of facilities at existing port terminal at Mangalore,(Indian Oil Corporation Limited [IOCL]),385,Karnataka,01/2022,01/2022,12/2025,06/2027,463.0,500.62,327.65,85.6,8.125269978401729,2026-07
Ministry of Petroleum & Natural Gas,Energy Storage,Augmentation of CCKPL and IDPL Pipelines capacity along with setting up of Palakkad TOP,(Bharat Petroleum Corporation Limited [BPCL]),386,Kerala,09/2024,09/2024,08/2028,,1130.0,1130.0,324.61,48.8,0.0,2026-07
Ministry of Petroleum & Natural Gas,Energy Storage,Setting up Polypropylene Unit at Kochi Refinery,(Bharat Petroleum Corporation Limited [BPCL]),387,Kerala,12/2023,12/2023,10/2027,,4460.0,4850.0,1026.0,45.2,8.74439461883408,2026-07
Ministry of Petroleum & Natural Gas,Energy Storage,C2/C3 Vijaipur Pata Pipeline,(Gas Authority of India Limited [GAIL]),388,Madhya Pradesh,05/2024,05/2024,01/2027,,1792.0,1792.0,541.2,73.0,0.0,2026-07
Ministry of Petroleum & Natural Gas,Energy Storage,Ethylene Cracker Project at Bina Refinery including downstream Petrochemical Plants and expansion of Refinery,(Bharat Petroleum Corporation Limited [BPCL]),389,Madhya Pradesh,05/2023,05/2023,05/2028,,43367.0,43367.0,6104.0,33.5,0.0,2026-07
Ministry of Petroleum & Natural Gas,Energy Storage,Power System Upgradation Project,(Mangalore Refinery and Petrochemicals Limited),382,Karnataka,10/2023,10/2023,11/2025,09/2026,385.0,385.0,271.36,90.4,0.0,2026-07
Ministry of Petroleum & Natural Gas,Energy Storage,Demo Bio-ATF Project,(Mangalore Refinery and Petrochemicals Limited),383,Karnataka,03/2024,03/2024,01/2027,,364.0,364.0,91.39,54.8,0.0,2026-07
Ministry of Petroleum & Natural Gas,Energy Storage,"Restoration of Gas Terminal, Phase-I [Part-A], Hazira",(Oil and Natural Gas Corporation Limited [ONGC]),371,Gujarat,05/2022,05/2022,02/2025,,249.43,249.43,219.56,97.6,0.0,2026-07
Ministry of Petroleum & Natural Gas,Energy Storage,Lube Modernization & Bottom Upgradation Project at Mumbai Refinery,(Hindustan Petroleum Corporation Limited),391,Maharashtra,12/2024,12/2024,03/2028,08/2029,4679.0,6008.0,314.9,14.1,28.403505022440694,2026-07
Ministry of Mines,Construction,"HEFA projects on development of student hostels, playgrounds, departmental buildings, class room complex and other campus facilities in IIT Kharagpur","(Indian Institute of Technology, Kharagpur)",330,West Bengal,06/2018,04/2019,03/2023,12/2026,500.0,442.0,418.86,97.0,-11.600000000000001,2026-07
Ministry of Petroleum & Natural Gas,Energy Storage,"City Gas Distribution Project at Beed, Jalgaon and Jalna Districts",(Indian Oil Corporation Limited [IOCL]),396,Maharashtra,03/2022,03/2022,09/2031,,865.0,865.0,89.23,3.4,0.0,2026-07
Ministry of Petroleum & Natural Gas,Energy Storage,Construction of Additional Tankages and Allied Facilities at JNPT Terminal,(Indian Oil Corporation Limited [IOCL]),397,Maharashtra,04/2022,04/2022,08/2026,,341.43,436.14,305.01,72.9,27.739214480274132,2026-07
Ministry of Petroleum & Natural Gas,Energy Storage,POL & LOBS Installations with Receipt Pipelines at Rasayani,(Bharat Petroleum Corporation Limited [BPCL]),398,Maharashtra,05/2023,05/2023,05/2026,,2585.0,2585.0,1507.62,87.3,0.0,2026-07
Ministry of Petroleum & Natural Gas,Energy Storage,Integrated Para Xylene [PX] and Purified Terephthalic Acid [PTA] Project at Paradip Refinery,(Indian Oil Corporation Limited [IOCL]),402,Odisha,07/2020,07/2020,01/2024,08/2026,13805.0,11783.0,8870.29,94.9,-14.646867077145961,2026-07
Ministry of Petroleum & Natural Gas,Energy Storage,"City Gas Distribution [CGD] Project in Gajapati, Kandhamal, Boudh, & Sonepur GA",(GAIL Gas),403,Odisha,02/2022,02/2022,12/2031,,514.91,514.91,25.77,5.8,0.0,2026-07
Ministry of Petroleum & Natural Gas,Energy Storage,"CUF POL Depot at Sadashibpur [Meramundali], Odisha",(Bharat Petroleum Corporation Limited [BPCL]),404,Odisha,04/2021,04/2021,03/2026,09/2026,393.54,393.54,233.3,86.0,0.0,2026-07
Ministry of Petroleum & Natural Gas,Energy Storage,Installation of Compression facility at GAIL Usar,(Gas Authority of India Limited [GAIL]),394,Maharashtra,04/2025,04/2025,04/2027,,260.2,260.2,0.0,0.0,0.0,2026-07
Ministry of Petroleum & Natural Gas,Energy Storage,Augmentation of DUPL-DPPL Pipeline,(Gas Authority of India Limited [GAIL]),393,Maharashtra,06/2025,06/2025,03/2028,,844.0,844.0,1.2,8.2,0.0,2026-07
Ministry of Petroleum & Natural Gas,Energy Storage,Life Extension of 48 well platforms of Mumbai High & Heera Fields,(Oil and Natural Gas Corporation Limited [ONGC]),405,Offshore,12/2015,12/2015,04/2018,10/2026,3190.69,3375.9,3123.2,90.0,5.804700550664591,2026-07
Ministry of Petroleum & Natural Gas,Energy Storage,Daman Upside Development Project,(Oil and Natural Gas Corporation Limited [ONGC]),408,Offshore,06/2022,06/2022,10/2025,12/2026,4144.41,6406.9,6302.5,92.9,54.59136523654754,2026-07
Ministry of Petroleum & Natural Gas,Energy Storage,MHN TCPP PGC BGC Project [MTPBP],(Oil and Natural Gas Corporation Limited [ONGC]),409,Offshore,06/2022,06/2022,05/2026,12/2026,2329.45,2354.23,1930.25,95.6,1.0637704179098157,2026-07
Ministry of Petroleum & Natural Gas,Energy Storage,PRP-VIII Group B [NH & BS Asset],(Oil and Natural Gas Corporation Limited [ONGC]),410,Offshore,06/2024,06/2024,02/2026,12/2026,2546.9,3348.6,3003.9,98.7,31.477482429620313,2026-07
Ministry of Petroleum & Natural Gas,Energy Storage,Integrated Development of 4 Contract Areas under DSF-II,(Oil and Natural Gas Corporation Limited [ONGC]),411,Offshore,05/2023,05/2023,04/2027,,6183.79,6183.79,2053.0,47.4,0.0,2026-07
Ministry of Petroleum & Natural Gas,Energy Storage,Gurdaspur Jammu Pipeline,(Gas Authority of India Limited [GAIL]),413,Punjab,07/2023,07/2023,07/2026,,521.9,521.9,326.4,91.1,0.0,2026-07
Ministry of Petroleum & Natural Gas,Energy Storage,City Gas Distribution Project at Pathankot District,(Indian Oil Corporation Limited [IOCL]),414,Punjab,03/2022,03/2022,09/2033,,151.0,151.0,9.02,2.0,0.0,2026-07
Ministry of Petroleum & Natural Gas,Energy Storage,PRP-VIII [Group-A],(Oil and Natural Gas Corporation Limited [ONGC]),406,Offshore,09/2024,09/2024,02/2026,,1589.4,1486.4,629.46,60.2,-6.480432867748835,2026-07
Ministry of Petroleum & Natural Gas,Energy Storage,Pipeline Replacement Project- PRP-IX,(Oil and Natural Gas Corporation Limited [ONGC]),407,Offshore,08/2025,08/2025,05/2027,,6684.0,6175.0,979.47,23.5,-7.615200478755237,2026-07
Ministry of Power,Coal,Transmission system for Evacuation of Additional 7 GW RE power from Khavda RE park under Phase-III Part B [Vataman Transmission Limited],(Power Grid Corporation of India Limited [POWERGRID]),185,Gujarat,12/2023,12/2023,12/2025,12/2026,4231.0,4231.0,3175.79,72.12,0.0,2026-07
Ministry of Road Transport & Highways,Roads & Highways,Bargi Diversion Project Phase - III [km. 104 to km 154],(Water Resources-MP),1756,Madhya Pradesh,04/2007,04/2007,12/2019,12/2026,1229.15,1399.7,2270.96,81.52,13.87544237887971,2026-07
Ministry of Road Transport & Highways,Roads & Highways,construction of a new 4 lane Parallel to existing MG Setu with its approaces from km 0.00 to km 14.500 across river Ganga on NH-19 at Patna in the state of Bihar.,(MoRTH),849,Bihar,02/2019,03/2021,09/2024,12/2027,2926.42,2926.42,622.65,75.33,0.0,2026-07
Ministry of Petroleum & Natural Gas,Energy Storage,City Gas Distribution Projects at the Nilgiris and Erode districts,(Bharat Petroleum Corporation Limited [BPCL]),420,Tamil Nadu,12/2022,12/2022,03/2030,,3685.0,3685.0,303.1,25.5,0.0,2026-07
Ministry of Railways,Railways,Construction of Paradeep- Badabandha 3rd & 4th line 18.51 km PB34/ECOR/2023-24,(CAO/C/ECOR ECoR mor),670,Odisha,08/2023,11/2025,11/2028,,300.15,300.15,21.5,7.0,0.0,2026-07
Ministry of Petroleum & Natural Gas,Energy Storage,ATF Pipeline from BPCLs Malkapur POL Installation to Hyderabad International airport,(Bharat Petroleum Corporation Limited [BPCL]),421,Telangana,03/2025,03/2025,09/2027,,215.0,215.0,46.87,29.1,0.0,2026-07
Ministry of Petroleum & Natural Gas,Energy Storage,North East Gas Grid,(Indradhanush Gas Grid Limited),422,Tripura,04/2020,04/2020,03/2024,03/2028,9265.0,9265.0,7008.0,88.2,0.0,2026-07
Ministry of Petroleum & Natural Gas,Energy Storage,"Creation of Gas Dehydration Facilities, Tripura Asset",(Oil and Natural Gas Corporation Limited [ONGC]),423,Tripura,03/2022,03/2022,05/2024,10/2026,209.33,131.51,81.31,71.3,-37.17575120622941,2026-07
Ministry of Petroleum & Natural Gas,Energy Storage,Kanpur LPG Bottling Plant,(Bharat Petroleum Corporation Limited [BPCL]),424,Uttar Pradesh,09/2025,09/2025,09/2027,,202.0,202.0,132.75,62.5,0.0,2026-07
Ministry of Health & Family Welfare,Healthcare,AIIMS Darbhanga,(PMSSY AND Institute of NATIONAL Importance),435,Bihar,09/2020,09/2020,07/2029,,2006.07,2006.07,40.33,1.12,0.0,2026-07
Ministry of Petroleum & Natural Gas,Energy Storage,Bulk Loading Hub- Kanpur,(Bharat Petroleum Corporation Limited [BPCL]),425,Uttar Pradesh,09/2025,09/2025,09/2027,,186.0,186.0,104.24,62.5,0.0,2026-07
Ministry of Petroleum & Natural Gas,Energy Storage,"City Gas Distribution Projects at Lakhimpur Kheri , Sitapur, Bahraich, Shravasti,Balrampur, Siddharth Nagar & Maharajganj districts",(Bharat Petroleum Corporation Limited [BPCL]),427,Uttar Pradesh,12/2022,12/2022,06/2030,,16654.0,16654.0,754.7,19.8,0.0,2026-07
Ministry of Petroleum & Natural Gas,Energy Storage,Durgapur - Haldia Pipeline [Section-3B of JHBDPL Project],(Gas Authority of India Limited [GAIL]),428,West Bengal,03/2017,03/2017,12/2020,09/2026,1740.0,2583.0,2380.8,95.7,48.44827586206897,2026-07
Ministry of Petroleum & Natural Gas,Energy Storage,Siliguri-Jhapa Pipeline Project,(Indian Oil Corporation Limited [IOCL]),429,West Bengal,09/2024,09/2024,08/2029,08/2029,267.0,267.0,3.19,16.5,0.0,2026-07
Ministry of Petroleum & Natural Gas,Energy Storage,Siliguri Marketing Terminal [SMT] Capacity Augmentation Project,(Numaligarh Refinery Limited),430,West Bengal,11/2021,11/2021,12/2025,10/2026,484.0,484.0,319.32,89.0,0.0,2026-07
Ministry of Petroleum & Natural Gas,Energy Storage,Dhamra Haldia Pipeline Project,(Gas Authority of India Limited [GAIL]),431,West Bengal,03/2020,03/2020,11/2022,09/2026,1030.65,1125.0,927.4,94.4,9.154417115412594,2026-07
Ministry of Petroleum & Natural Gas,Energy Storage,Haldia Panagarh Pipeline Project,(Hindustan Petroleum Corporation Limited),432,West Bengal,11/2022,11/2022,11/2025,08/2026,1010.0,1107.0,884.2,98.3,9.603960396039604,2026-07
Ministry of Petroleum & Natural Gas,Energy Storage,"City Gas Distribution Project at East Mednipore, West Mednipore & Jhargram Districts",(Indian Oil Corporation Limited [IOCL]),433,West Bengal,03/2022,03/2022,06/2031,,609.0,609.0,64.44,3.0,0.0,2026-07
Ministry of Petroleum & Natural Gas,Energy Storage,Laying of new 28 inch Desal Water Pipeline and 10 inch Reject Water Pipeline between CPCL Manali Refinery and CPCL Desalination plant at Ennore,(Chennai Petroleum Corporation Limited [CPCL]),419,Tamil Nadu,01/2024,01/2024,09/2025,12/2026,205.0,205.0,117.88,76.9,0.0,2026-07
Ministry of Petroleum & Natural Gas,Energy Storage,City Gas Distribution Projects at Alipurduar and Cooch Behar,(Bharat Petroleum Corporation Limited [BPCL]),434,West Bengal,12/2022,12/2022,03/2030,,1017.0,1017.0,238.41,43.8,0.0,2026-07
Ministry of Health & Family Welfare,Healthcare,Establishment of new GMC Korba,"(Medical Education, Ministry of Health and Family Welfare)",443,Chhattisgarh,02/2023,10/2023,12/2026,,325.0,322.85,179.49,55.0,-0.6615384615384545,2026-07
Ministry of Health & Family Welfare,Healthcare,Establishment of new GMC Rudrapur,"(Medical Education, Ministry of Health and Family Welfare)",468,Uttarakhand,10/2022,02/2024,12/2026,,325.0,325.0,353.01,95.0,0.0,2026-07
Ministry of Health & Family Welfare,Healthcare,"Setting up IT Infrastructure including Network Security and Hosting at AIIMS, New Delhi",(PMSSY AND Institute of NATIONAL Importance),446,Delhi,09/2025,09/2025,09/2026,,358.19,358.19,53.73,40.0,0.0,2026-07
Ministry of Health & Family Welfare,Healthcare,"Redevelopment of Residential colonies at Ayur Vigyan Nagar and West Ansari Nagar campuses of AIIMS, New Delhi",(PMSSY AND Institute of NATIONAL Importance),447,Delhi,10/2016,06/2022,06/2027,,4441.0,4441.0,44.44,57.0,0.0,2026-07
Ministry of Health & Family Welfare,Healthcare,AIIMS Rajkot,(PMSSY AND Institute of NATIONAL Importance),448,Gujarat,01/2019,01/2019,03/2026,12/2026,1195.0,1195.0,805.48,94.0,0.0,2026-07
Ministry of Health & Family Welfare,Healthcare,Establishment of new GMC Panchmahal,"(Medical Education, Ministry of Health and Family Welfare)",449,Gujarat,09/2022,09/2022,03/2026,,325.0,663.5,467.34,88.0,104.15384615384615,2026-07
Ministry of Health & Family Welfare,Healthcare,Establishment of new GMC Porbandar,"(Medical Education, Ministry of Health and Family Welfare)",450,Gujarat,04/2022,10/2022,09/2024,,325.0,618.98,936.64,81.0,90.45538461538463,2026-07
Ministry of Health & Family Welfare,Healthcare,AIIMS Majra Rewari Haryana,(Ministry of Health and Family Welfare),451,Haryana,02/2019,02/2019,12/2026,12/2026,1299.0,1646.43,747.62,67.45,26.745958429561206,2026-07
Ministry of Health & Family Welfare,Healthcare,Establishment of new GMC Mahasamund,"(Medical Education, Ministry of Health and Family Welfare)",444,Chhattisgarh,10/2023,10/2023,05/2026,,325.0,325.0,321.7,84.0,0.0,2026-07
Ministry of Petroleum & Natural Gas,Energy Storage,Revamping / Augmentation of Facilities at Mathura Bitumen Plant,(Indian Oil Corporation Limited [IOCL]),426,Uttar Pradesh,04/2022,04/2022,06/2027,12/2026,260.12,260.12,23.58,57.3,0.0,2026-07
Ministry of Health & Family Welfare,Healthcare,Establishment of new GMC Chaibasa [Singhbhum],"(Medical Education, Ministry of Health and Family Welfare)",456,Jharkhand,06/2018,03/2023,09/2025,,250.0,454.1,65.0,57.0,81.64000000000001,2026-07
Ministry of Health & Family Welfare,Healthcare,Establishment of new GMC Mandla,"(Medical Education, Ministry of Health and Family Welfare)",459,Madhya Pradesh,08/2023,10/2023,04/2026,,325.0,325.0,89.41,45.0,0.0,2026-07
Ministry of Health & Family Welfare,Healthcare,Establishment of new GMC Gondia,"(Medical Education, Ministry of Health and Family Welfare)",460,Maharashtra,07/2021,01/1900,01/1900,,189.0,189.0,113.4,40.14,0.0,2026-07
Ministry of Health & Family Welfare,Healthcare,Establishment of new GMC Hoshiarpur,"(Medical Education, Ministry of Health and Family Welfare)",464,Punjab,01/2020,03/2026,12/2028,,325.0,374.75,2.04,5.0,15.307692307692308,2026-07
Ministry of Health & Family Welfare,Healthcare,Establishment of new GMC Gangtok,"(Medical Education, Ministry of Health and Family Welfare)",465,Sikkim,10/2018,12/2018,12/2026,07/2026,250.0,635.21,667.21,92.0,154.08400000000003,2026-07
Ministry of Health & Family Welfare,Healthcare,ALL India Institute of Medical Sciences-AIIMS Madurai,(PMSSY AND Institute of NATIONAL Importance),466,Tamil Nadu,12/2018,12/2018,08/2022,10/2026,1264.0,2021.51,540.92,54.0,59.929588607594944,2026-07
Ministry of Health & Family Welfare,Healthcare,AIIMS Bibinagar,(PMSSY AND Institute of NATIONAL Importance),467,Telangana,12/2018,07/2022,06/2026,12/2026,1028.0,1365.95,1028.94,87.58,32.87451361867705,2026-07
Ministry of Health & Family Welfare,Healthcare,Establishment of new GMC Leh,"(Medical Education, Ministry of Health and Family Welfare)",457,Ladakh,10/2019,01/1900,01/1900,,325.0,325.0,127.0,0.0,0.0,2026-07
Ministry of Health & Family Welfare,Healthcare,Establishment of new GMC Rajgarh,"(Medical Education, Ministry of Health and Family Welfare)",458,Madhya Pradesh,12/2021,11/2022,04/2024,,325.0,325.0,179.5,86.0,0.0,2026-07
Ministry of Steel,Metals & Mining,Stamp Charge Battery No.12 Coke Dry Cooling Plant at IISCO Steel Plant,(Steel Authority of India Limited (SAIL)),517,West Bengal,01/2025,02/2025,07/2028,,706.51,706.51,132.26,11.87,0.0,2026-07
Ministry of Health & Family Welfare,Healthcare,Establishment of new GMC Pithoragarh,"(Medical Education, Ministry of Health and Family Welfare)",469,Uttarakhand,08/2021,04/2023,12/2026,,325.0,768.89,470.08,78.0,136.58153846153846,2026-07
Ministry of Labour and Employment,Healthcare,"Demolition, Construction and upgradation of ESI Hospital, Kalol, Gujarat from 50 beds to 150 beds.",(Employee's State Insurance Company [ESIC]),472,Gujarat,08/2022,10/2023,10/2025,11/2026,205.87,205.87,51.74,58.0,0.0,2026-07
Ministry of Labour and Employment,Healthcare,"Construction of 200 bed ESI Hospital at Bommasandra, Karnataka",(Employee's State Insurance Company [ESIC]),473,Karnataka,02/2015,10/2024,01/2027,05/2027,278.0,278.0,80.52,35.0,0.0,2026-07
Ministry of Labour and Employment,Healthcare,"Construction of 200 Bedded ESIC Hospital at Butibori, Nagpur, Maharashtra.",(Employee's State Insurance Company [ESIC]),475,Maharashtra,10/2013,08/2022,08/2025,09/2026,194.93,196.7,116.22,67.0,0.9080182629661836,2026-07
Ministry of Labour and Employment,Healthcare,"Upgradation & Extension of ESIC Hospital and Construction of PG Hostel / Staff Housing for ESIC Hospital at Andheri, Mumbai",(Employee's State Insurance Company [ESIC]),476,Maharashtra,12/2008,06/2009,08/2025,09/2026,260.13,260.13,216.46,89.0,0.0,2026-07
Ministry of Labour and Employment,Healthcare,"Construction of 100 Bedded ESI Hospital at Duburi, Odisha.",(Employee's State Insurance Company [ESIC]),477,Odisha,12/2010,02/2025,06/2027,,164.6,164.6,16.44,7.2,0.0,2026-07
Ministry of Labour and Employment,Healthcare,CONSTRUCTION OF 300 BEDDED HOSPITAL AT HARIDWAR,(Employee's State Insurance Company [ESIC]),478,Uttarakhand,02/2021,12/2021,10/2024,07/2026,102.4,297.63,340.3,90.5,190.65429687499997,2026-07
"Ministry of Ports, Shipping and Waterways",Inland Waterways,"Replacement and revamping of pipeline projects in oil jetty area, Kandla",(Deendayal Port Trust [DPT]),481,Gujarat,09/2021,09/2021,09/2023,03/2025,171.0,211.61,149.5,92.0,23.748538011695913,2026-07
"Ministry of Ports, Shipping and Waterways",Inland Waterways,Mechanization of Berth No.14 for handling Containers and other cargo on DBFOT basis - Phase II,(New Mangalore Port Authority),482,Karnataka,12/2023,06/2024,03/2027,,153.23,153.23,97.45,95.0,0.0,2026-07
"Ministry of Ports, Shipping and Waterways",Inland Waterways,IMC at Prayagraj,(National Industrial Corridor Development Corporation),495,Uttar Pradesh,08/2024,04/2026,06/2027,,658.0,658.0,75.63,27.79,0.0,2026-07
"Ministry of Ports, Shipping and Waterways",Inland Waterways,Development of IMC Khurpia Farms under AKIC Project,(National Industrial Corridor Development Corporation),496,Uttarakhand,08/2024,03/2026,09/2028,,1265.37,1265.37,0.0,3.23,0.0,2026-07
"Ministry of Ports, Shipping and Waterways",Inland Waterways,Krishnapatnam Node - Phase 1 - Roads and Services Development,(National Industrial Corridor Development Corporation),488,Andhra Pradesh,12/2020,02/2024,02/2027,,2139.44,2139.44,984.13,47.77,0.0,2026-07
"Ministry of Ports, Shipping and Waterways",Inland Waterways,Gaya Integrated Manufacturing Cluster IMC in Bihar,(National Industrial Corridor Development Corporation),489,Bihar,08/2024,04/2026,04/2029,,1339.02,1339.02,0.0,5.0,0.0,2026-07
"Ministry of Ports, Shipping and Waterways",Inland Waterways,Tumakuru Node - Phase 1 - Roads and Services Development,(NICDC),490,Karnataka,12/2020,02/2023,09/2026,09/2027,1701.81,1701.81,337.56,27.12,0.0,2026-07
"Ministry of Ports, Shipping and Waterways",Inland Waterways,Development of Palakkad Node under extension of CBIC to Kochi,(National Industrial Corridor Development Corporation),491,Kerala,08/2024,10/2025,04/2029,,3805.0,3805.0,57.93,5.3,0.0,2026-07
"Ministry of Ports, Shipping and Waterways",Inland Waterways,IMC Rajpura - Patiala Development Project,(National Industrial Corridor Development Corporation),492,Punjab,08/2024,03/2026,09/2028,,1367.72,1367.72,0.0,3.4,0.0,2026-07
"Ministry of Ports, Shipping and Waterways",Inland Waterways,Development of Jodhpur Pali Marwar Industrial Area JPMIA in Rajasthan,(National Industrial Corridor Development Corporation),493,Rajasthan,08/2024,01/2026,07/2028,,921.66,921.66,0.0,6.32,0.0,2026-07
"Ministry of Ports, Shipping and Waterways",Inland Waterways,Development of Zaheerabad Node under Hyderabad Nagpur Industrial Corridor,(National Industrial Corridor Development Corporation),494,Telangana,08/2024,02/2026,02/2029,,2360.0,2360.0,42.89,4.87,0.0,2026-07
"Ministry of Ports, Shipping and Waterways",Inland Waterways,Deepening and Optimization of Inner Harbour facilities including development of Western Dock on BOT basis to handle Cape size vessels,(Paradip Port Trust [PPT]),483,Odisha,05/2022,01/2023,12/2027,10/2028,3004.63,3004.63,2261.12,76.0,0.0,2026-07
Ministry of Health & Family Welfare,Healthcare,Establishment of new GMC Kanker,"(Medical Education, Ministry of Health and Family Welfare)",445,Chhattisgarh,02/2020,09/2024,03/2027,,325.0,325.0,37.0,45.0,0.0,2026-07
Ministry of Steel,Metals & Mining,Capacity expansion of Deposit-14 and 14 NMZ at Kirandul,(National Mineral Development Corporation Limited [NMDC]),497,Chhattisgarh,08/2021,07/2022,12/2028,03/2028,1700.0,1756.2,292.01,23.09,3.3058823529411794,2026-07
Ministry of Steel,Metals & Mining,Replacement of remaining 04 sets of Battery Cyclones with 04 Nos. of ESPs in Sinter Plant-1 at Bokaro Steel Plant,(Steel Authority of India Limited [SAIL]),508,Jharkhand,03/2024,04/2024,06/2026,04/2027,260.37,260.37,127.53,53.15,0.0,2026-07
Ministry of Steel,Metals & Mining,"Replacement of Converter Vessels, Trunnion Rings, Support System & Installation of Secondary Emission at Bhilai Steel Plant",(Steel Authority of India Limited [SAIL]),500,Chhattisgarh,10/2023,12/2023,06/2026,09/2026,471.83,471.83,266.11,74.3,0.0,2026-07
Ministry of Steel,Metals & Mining,Rebuilding of Coke Oven Battery No.7 & 8 at Bhilai Steel Plant,(Steel Authority of India Limited [SAIL]),501,Chhattisgarh,11/2023,01/2024,10/2025,09/2026,884.1,884.1,693.83,94.73,0.0,2026-07
Ministry of Steel,Metals & Mining,NMDC Slurry Pipeline Project Phase-1,(National Mineral Development Corporation Limited [NMDC]),502,Chhattisgarh,11/2015,09/2020,06/2023,08/2026,2907.0,5427.0,3649.08,95.8,86.687306501548,2026-07
Ministry of Steel,Metals & Mining,SCREENING PLANT-III AT KIRANDUL,(National Mineral Development Corporation Limited [NMDC]),503,Chhattisgarh,01/2009,10/2021,01/2026,07/2027,2718.84,3062.39,1754.7,83.42,12.63590354710096,2026-07
Ministry of Steel,Metals & Mining,Super accelerated cooling system (Uniform Cooling) for high strength plates in Plate Mill at BSP,(Steel Authority of India Limited (SAIL)),504,Chhattisgarh,06/2025,06/2025,12/2026,,192.21,192.21,63.8,48.01,0.0,2026-07
Ministry of Steel,Metals & Mining,"New Sinter Plant at BSL, SAIL",(Steel Authority of India Limited [SAIL]),505,Jharkhand,03/2015,10/2015,10/2027,06/2027,1034.01,1752.3,1028.11,64.26,69.4664461658978,2026-07
Ministry of Steel,Metals & Mining,Replacement of existing Grinders in CRM-I & II at Bokaro Steel Plant,(Steel Authority of India Limited [SAIL]),506,Jharkhand,01/2025,02/2025,01/2027,,211.94,211.94,60.6,62.05,0.0,2026-07
Ministry of Labour and Employment,Healthcare,"Construction of 350 beds + 50 Super Specialty beds ESIC Hospital Sheelanagar, Visakhapatnam, Andhra Pradesh",(Employee's State Insurance Company [ESIC]),470,Andhra Pradesh,02/2021,04/2023,10/2025,08/2026,384.27,384.27,286.38,95.0,0.0,2026-07
Ministry of Steel,Metals & Mining,Replacement of Hot Leveller No.1 of Plate Mill at Bhilai Steel Plant,(Steel Authority of India Limited [SAIL]),499,Chhattisgarh,07/2024,08/2024,07/2026,,198.62,198.62,129.25,82.79,0.0,2026-07
Ministry of Steel,Metals & Mining,Rebuilding of Coke Oven Battery No.6 at Bokaro Steel Plant,(Steel Authority of India Limited [SAIL]),509,Jharkhand,11/2023,12/2023,11/2026,11/2027,627.31,627.31,347.42,68.07,0.0,2026-07
Ministry of Steel,Metals & Mining,"Construction of Screening Plant-II for Donimalai and Kumaraswamy Iron Ore Mining Complex of NMDC Limited at Ballari Dt, Karnataka.",(National Mineral Development Corporation Limited [NMDC]),510,Karnataka,11/2014,06/2024,08/2026,,1043.63,1043.63,649.52,70.33,0.0,2026-07
Ministry of Steel,Metals & Mining,Stamp Charge Battery No.7 Coke Dry Cooling Plant at RSP,(Steel Authority of India Limited (SAIL)),511,Odisha,02/2026,02/2026,08/2028,,1064.55,1064.55,73.91,0.0,0.0,2026-07
Ministry of Steel,Metals & Mining,Implementation of Treatment System-2 Under ZLD at RSP,(Steel Authority of India Limited (SAIL)),512,Odisha,02/2025,03/2025,09/2026,,216.02,216.02,134.29,89.83,0.0,2026-07
Ministry of Steel,Metals & Mining,"New Product Testing Laboratory for NPM, SPP & NHSM at RSP",(Steel Authority of India Limited (SAIL)),513,Odisha,06/2025,07/2025,08/2027,,155.26,155.26,56.24,71.75,0.0,2026-07
Ministry of Steel,Metals & Mining,Stamp Charge Battery No.7 Battery Proper at RSP,(Steel Authority of India Limited (SAIL)),514,Odisha,09/2024,10/2024,03/2028,,2584.41,2584.41,1182.92,54.16,0.0,2026-07
Ministry of Steel,Metals & Mining,Stamp Charge Battery No.12 By-product Plant at RSP,(Steel Authority of India Limited (SAIL)),515,Odisha,09/2024,10/2024,03/2028,,1140.07,1140.07,207.56,22.59,0.0,2026-07
Ministry of Steel,Metals & Mining,Secondary Emission Control in Converters of SMS-II at Bokaro Steel Plant,(Steel Authority of India Limited [SAIL]),507,Jharkhand,01/2025,02/2025,10/2026,04/2027,207.13,207.13,103.47,55.91,0.0,2026-07
Ministry of Steel,Metals & Mining,Stamp Charge Battery No.12 By-product Plant at IISCO Steel Plant,(Steel Authority of India Limited (SAIL)),516,West Bengal,01/2025,02/2025,07/2028,,999.46,999.46,70.37,18.72,0.0,2026-07
Ministry of Labour and Employment,Healthcare,"Construction of 100 bed ESI Hospital and Staff Quarters [32 Nos.] at Harohalli, Karnataka",(Employee's State Insurance Company [ESIC]),474,Karnataka,07/2019,03/2025,02/2027,,150.92,150.92,31.05,28.1,0.0,2026-07
Ministry of Railways,Railways,Katni - Grade separator / bypass 21.50 km,(GM IRCON KATNI WCR mor),589,Madhya Pradesh,08/2016,09/2017,09/2024,09/2026,1248.0,2300.0,1839.46,84.0,84.2948717948718,2026-07
Ministry of Steel,Metals & Mining,Up-gradation of Blast Furnace No. 3 at Durgapur Steel Plant,(Steel Authority of India Limited [SAIL]),520,West Bengal,09/2024,10/2024,10/2027,10/2027,758.09,758.09,316.01,62.17,0.0,2026-07
Ministry of Steel,Metals & Mining,Third Ladle Furnace in Secondary Refinery Unit at IISCO Steel Plant,(Steel Authority of India Limited [SAIL]),521,West Bengal,11/2024,12/2024,07/2026,11/2026,227.96,227.96,111.44,74.55,0.0,2026-07
Ministry of Steel,Metals & Mining,Revamping of Air Pollution Control Systems of SP-1 at Durgapur Steel Plant,(Steel Authority of India Limited [SAIL]),522,West Bengal,07/2024,12/2024,05/2026,12/2026,196.4,196.4,65.74,34.58,0.0,2026-07
Ministry of Steel,Metals & Mining,Stamp Charge Battery No.12 Battery Proper at IISCO Steel Plant,(Steel Authority of India Limited [SAIL]),523,West Bengal,01/2025,02/2025,07/2028,,2518.39,2518.39,472.41,27.66,0.0,2026-07
Ministry of Railways,Railways,Nadikude-Srikalahasti 308.7 km,(CAO/C/SCoR SCoR mor),524,Andhra Pradesh,03/2012,08/2015,05/2027,03/2028,2312.0,5906.03,2535.68,2.0,155.45112456747404,2026-07
Ministry of Railways,Railways,South Central Railway - Rail road over double line between Guntakal West-Mallapa Gate 9.64 km PB34/CR/2023-24,(CAO/C/SCoR SCoR mor),526,Andhra Pradesh,07/2023,01/2025,07/2026,,293.3,293.3,91.42,0.0,0.0,2026-07
Ministry of Railways,Railways,Sagauli - Valmikinagar 109.7 km,(CAO/Con/North/MHX ECR mor),542,Bihar,03/2018,02/2018,12/2025,12/2025,1216.0,1558.77,1460.42,91.0,28.188322368421055,2026-07
Ministry of Steel,Metals & Mining,Installation of New Bar Mill at Durgapur Steel Plant,(Steel Authority of India Limited [SAIL]),519,West Bengal,07/2024,08/2024,06/2027,,2115.44,2115.44,935.57,67.5,0.0,2026-07
Ministry of Railways,Railways,Kurnool - Setting up facilities for coach midlife rehabilitation workshop,(WPO/Patna),527,Andhra Pradesh,01/2014,10/2017,12/2023,,560.72,560.72,276.66,65.0,0.0,2026-07
Ministry of Railways,Railways,New Bongaigaon - Goalpara - Guwahati Kamakhya 176 km,(CAO/C-III/NFR NFR mor),533,Assam,09/2016,06/2017,03/2026,03/2026,4060.0,4983.94,3821.96,91.0,22.75714285714285,2026-07
Ministry of Railways,Railways,East Central Railway - Construction of Bulb line at Nabinagar Ankorah 17.49Km PB45/ECoR/2024-25.,(CAO/Con/South/MHX ECR mor),535,Bihar,06/2024,07/2026,06/2028,,611.74,611.74,0.0,0.0,0.0,2026-07
Ministry of Railways,Railways,Hajipur-Sagauli via Vaishali 148.3 km,(CAO/Con/North/MHX ECR mor),537,Bihar,10/2007,12/2008,03/2020,06/2027,2067.0,3991.33,2843.39,74.0,93.09772617319787,2026-07
Ministry of Railways,Railways,Araria-Supaul 92 km,(CAO/Con/North/MHX ECR mor),538,Bihar,08/2009,09/2020,03/2024,01/2027,1605.0,2621.05,2140.8,40.0,63.305295950155774,2026-07
Ministry of Railways,Railways,Fatuah-Islampur incl. material modification for extension of new line from Neora to Daniawan Daniawan to Biharsharif Biharsharif to Barbigha Barbigha to Sheikhpura,(CAO/Con/South/MHX ECR mor),539,Bihar,08/2002,02/2000,03/2023,08/2025,1473.0,3259.35,3041.78,95.0,121.27291242362526,2026-07
Ministry of Railways,Railways,Jogbani-Biratnagar New Rail Line project,(Indian Railway Construction International Limited [IRCON]),540,Bihar,06/2010,01/2011,03/2022,12/2026,402.0,486.0,369.48,86.5,20.8955223880597,2026-07
Ministry of Railways,Railways,South Central Railway- 3rd line between Gudur-Renigunta stations 83.17 km PB34/CR/2023-24,(CAO/C/SCoR SCoR mor),530,Andhra Pradesh,10/2024,10/2024,03/2027,,877.34,877.34,53.46,0.0,0.0,2026-07
Ministry of Railways,Railways,Kurnool Coach Midlife Rehabilitation Project,(South Central Railway [SCR] - II),531,Andhra Pradesh,05/2016,07/2014,12/2020,12/2026,563.0,560.72,959.27,75.01,-0.404973357015981,2026-07
Ministry of Railways,Railways,Rajkot-Kanalus 111.20 km,(CAOCWR WR mor),567,Gujarat,10/2021,08/2022,10/2026,06/2026,1080.58,1205.18,1107.75,90.0,11.530844546447291,2026-07
Ministry of Railways,Railways,Samastipur-Darbhanga 38 km,(CAO/Con/North/MHX ECR mor),541,Bihar,11/2015,02/2017,03/2025,10/2025,519.0,973.56,746.81,92.0,87.58381502890172,2026-07
Ministry of Railways,Railways,Muzaffarpur - Sagauli 100.6 km,(CAO/Con/North/MHX ECR mor),543,Bihar,03/2018,03/2019,06/2024,06/2026,1586.0,1744.84,1554.88,99.0,10.015132408575028,2026-07
Ministry of Railways,Railways,Kharsia-Dharamjaygarh with Spur line [East Corridor-Phase 1],(Indian Railway Construction International Limited [IRCON]),547,Chhattisgarh,03/2016,01/2014,09/2018,12/2026,3055.0,3798.06,2790.19,95.15,24.322749590834693,2026-07
Ministry of Railways,Railways,Kirandul-Jagdalpur 150 km,(CAO/C/ECOR ECoR mor),548,Chhattisgarh,02/2013,04/2013,03/2020,04/2027,1589.0,1798.0,1369.01,89.0,13.152926368785401,2026-07
Ministry of Railways,Railways,Gauge Conversion of Kendri-Dhamtari including Abhanpur - Rajim Branch line 67.20 Kms - 2nd Material Modification to Raipur Titlagarh doubling.,(SECR),549,Chhattisgarh,07/2011,05/2021,02/2025,06/2026,1171.0,1171.0,448.77,100.0,0.0,2026-07
Ministry of Railways,Railways,Nipania-Bhatapra 14.4 km 4th line PB72/NR/2022-23,(CAOC/SECR SECR mor),550,Chhattisgarh,12/2022,03/2023,03/2027,,170.49,170.49,12.12,3.0,0.0,2026-07
Ministry of Railways,Railways,Dallirajhra- Rowghat New Railway Line - Phase I [95 km],(Rail Vikas Nigam Limited),551,Chhattisgarh,07/2009,12/2009,09/2025,12/2025,1628.0,1628.0,1440.85,82.0,0.0,2026-07
Ministry of Railways,Railways,Gevra Road-Pendra Road New Railway Line [135 km],(Indian Railway Construction International Limited [IRCON]),552,Chhattisgarh,04/2014,04/2014,03/2022,12/2026,4970.0,7448.52,5327.55,83.36,49.869617706237435,2026-07
Ministry of Railways,Railways,Anand Vihar-Tilak Bridge - 3rd & 4th line 9.77 km,(CAOC/NR NR mor),556,Delhi,06/2012,04/2014,03/2023,12/2027,667.0,701.88,393.68,23.0,5.229385307346327,2026-07
Ministry of Railways,Railways,Sakri-Hasanpur 79 km,(CAO/Con/North/MHX ECR mor),534,Bihar,12/2023,04/2019,12/2024,03/2027,735.2,802.45,615.69,80.0,9.147170837867247,2026-07
Ministry of Railways,Railways,Samlaya-Timba Road 53.53 km,(CAOCWR WR mor),561,Gujarat,02/2023,05/2024,03/2030,03/2030,670.17,670.17,195.1,25.0,0.0,2026-07
Ministry of Railways,Railways,Samni-Jambusar 24.08 km,(CAOCWR WR mor),562,Gujarat,05/2022,04/2024,03/2030,03/2030,350.0,349.93,188.23,40.0,-0.01999999999999805,2026-07
Ministry of Railways,Railways,Western Railway- Samakhiali-Gandhidham Quadrupiling 53 km PB34/CR/2023-24,(CAOCWR WR mor),563,Gujarat,08/2023,04/2024,12/2026,12/2027,1430.0,1430.0,748.46,50.0,0.0,2026-07
Ministry of Railways,Railways,Barejadi Nandej Geratpur - Sanand - 4th line 38.20 km,(CAOCWR WR mor),564,Gujarat,02/2023,03/2024,03/2027,07/2028,961.67,961.67,548.14,23.0,0.0,2026-07
Ministry of Railways,Railways,Rampur Dumra-Tal-Rajendrapul - Addl bridge and doubling 14 km,(CGM/CIVIL ECR mor),544,Bihar,03/2016,04/2017,12/2024,12/2025,2373.64,2535.13,2028.18,95.0,6.803474831903753,2026-07
Ministry of Railways,Railways,Kosamba Umarpada GC PROJECT,(Ministry of Railways-),565,Gujarat,07/2023,07/2023,06/2027,,467.58,467.58,70.54,16.0,0.0,2026-07
Ministry of Railways,Railways,Miyagam-Karjan-Dabhoi-Samlaya 96.46 km- Gauge conversion with electrification,(CAOCWR WR mor),566,Gujarat,01/2017,06/2026,12/2026,12/2026,483.88,1015.07,816.25,34.0,109.77721749194016,2026-07
Ministry of Railways,Railways,New BG line between Naliya - Jakhau Port 24.88 Km,(CAOCWR WR mor),559,Gujarat,02/2023,11/2025,01/2028,02/2028,410.26,410.26,11.86,5.0,0.0,2026-07
Ministry of Railways,Railways,Petlad-Bhadran 22.5 km,(CAOCWR WR mor),560,Gujarat,05/2022,05/2024,05/2030,05/2030,307.11,307.12,114.73,32.0,0.0032561622871254293,2026-07
"Ministry of Ports, Shipping and Waterways",Inland Waterways,Kopparthy Industrial Area,(NICDC),487,Andhra Pradesh,08/2024,10/2025,10/2028,,2136.0,2136.0,39.75,5.39,0.0,2026-07
Ministry of Railways,Railways,Gadag - Wadi 252 km,(CAOC/SWR SWR mor),577,Karnataka,04/2013,08/2017,03/2027,12/2027,2842.0,3668.17,2252.04,35.0,29.070021111893034,2026-07
Ministry of Railways,Railways,Doubling between Parbhani-Parli Vaijnath stations 64.71 km PB34/CR/2023-24,(CAOCON/SCR SCR mor),594,Maharashtra,12/2023,05/2025,03/2028,,769.93,769.93,174.3,1.0,0.0,2026-07
Ministry of Railways,Railways,Gomoh - Flyover for down trains 20 km,(CAO/Con/South/MHX ECR mor),573,Jharkhand,01/2018,04/2022,03/2026,03/2026,686.0,686.03,531.63,65.0,0.00437317784256162,2026-07
Ministry of Railways,Railways,Lodhma-Piska - Link line bypassing Hatia / Ranchi with Y connection 17.2 km,(CAO/C/SER SER mor),574,Jharkhand,08/2021,11/2025,06/2026,05/2027,473.0,472.5,344.5,14.0,-0.10570824524312897,2026-07
Ministry of Railways,Railways,Pradhan Kuntha Jn Line Doubling Project,(East Central Railway [ECR] - I),575,Jharkhand,11/2022,11/2022,11/2027,11/2027,349.22,349.22,145.57,72.0,0.0,2026-07
Ministry of Railways,Railways,Construction of New BG line between Hassan to Belur [27 Km],(South Western Railway [SWR] - II),576,Karnataka,03/2019,12/2025,04/2028,03/2030,749.0,749.0,3.43,0.5,0.0,2026-07
Ministry of Railways,Railways,Kadur-Chickmagalur-Sakleshpur 93 km,(CAOC/SWR SWR mor),578,Karnataka,01/2014,06/2023,06/2025,12/2025,825.0,1043.15,790.72,83.0,26.442424242424256,2026-07
Ministry of Railways,Railways,Hubli-Ankola 167 km,(CAOC/SWR SWR mor),579,Karnataka,01/1999,08/2023,03/2005,03/2030,5174.0,533.32,186.31,10.0,-89.6923076923077,2026-07
Ministry of Railways,Railways,Aurangabad-Ankai 98.25 km,(CAOCON/SCR SCR mor),591,Maharashtra,05/2023,06/2024,12/2025,,960.64,960.64,381.13,0.0,0.0,2026-07
Ministry of Railways,Railways,Koderma-Barkakana Arigada 133 Km,(CAO/Con/South/MHX ECR mor),572,Jharkhand,06/2025,07/2026,12/2029,,2887.11,2887.11,0.85,0.0,0.0,2026-07
Ministry of Railways,Railways,Bagalkot-Kudachi 142 km,(CAOC/SWR SWR mor),580,Karnataka,02/2010,02/2025,03/2027,01/2027,1378.0,1710.44,797.37,35.0,24.12481857764877,2026-07
Ministry of Railways,Railways,Bangalore Suburban Railway Project,(Karnataka Rail Infrastructure Development Company Limited [K-RIDE]),584,Karnataka,10/2020,10/2020,12/2026,03/2030,15767.0,15767.0,3277.99,20.02,0.0,2026-07
Ministry of Railways,Railways,Kumbalam-Turavur - Patch doubling 15.59 km,(CAO/CN/ERS SR mor),585,Kerala,04/2023,10/2024,03/2027,03/2027,813.0,1171.46,395.03,30.0,44.0910209102091,2026-07
Ministry of Railways,Railways,Ernakulam-Kumbalam - Patch doubling 7.71 km,(CAO/CN/ERS SR mor),586,Kerala,04/2023,10/2024,03/2028,02/2027,601.0,827.5,312.63,25.0,37.68718801996672,2026-07
Ministry of Railways,Railways,Gwalior-Sheorpurkalan with extension to Kota 284 km,(CAO/C/NCR NCR mor),587,Madhya Pradesh,02/2010,04/2018,03/2025,02/2026,2913.0,3947.0,3068.75,91.0,35.49605217988328,2026-07
Ministry of Railways,Railways,Satna - Rewa 50 km,(CE/C-4/WCR WCR mor),588,Madhya Pradesh,11/2015,08/2016,03/2026,03/2026,500.0,646.1,618.19,88.0,29.220000000000006,2026-07
Ministry of Railways,Railways,Brundamal - Jharsuguda - Fly-over connection for joining down line 6.6 km,(CAO/C/ECOR ECoR mor),666,Odisha,01/2014,02/2024,12/2026,12/2026,297.0,296.51,46.39,55.0,-0.16498316498316803,2026-07
Ministry of Railways,Railways,Tumkur-Chitradurg-Davangere 199.7 km,(CAOC/SWR SWR mor),581,Karnataka,03/2011,11/2017,03/2019,12/2027,1876.0,1801.01,676.71,22.0,-3.9973347547974414,2026-07
Ministry of Railways,Railways,Bangalore-Whitefield-Bangalore City-Krishnarajapuram 23.08 km - Quadrupling,(CPM/GS/SBC SWR mor),582,Karnataka,03/2018,05/2022,02/2026,02/2026,493.0,717.54,459.94,70.0,45.54563894523326,2026-07
Ministry of Railways,Railways,New BG line intersection 5 nos between Geratpur-Sanand & Botad-Ahmedabad 16.51 km PB29/NR/2022-23,(CAOCWR WR mor),569,Gujarat,10/2022,03/2025,10/2027,10/2027,437.21,463.95,463.96,22.0,6.116054070126486,2026-07
Ministry of Railways,Railways,Nimach-Ratlam 133 km,(CAOCWR WR mor),590,Madhya Pradesh,10/2021,08/2022,10/2027,10/2027,1095.88,1770.58,1488.18,100.0,61.5669598861189,2026-07
Ministry of Railways,Railways,Nadiad-Petlad 37.26 km,(CAOCWR WR mor),568,Gujarat,05/2022,05/2024,06/2030,06/2030,461.91,461.91,142.21,30.0,0.0,2026-07
Ministry of Railways,Railways,Central Railway - Double chord line between Nilaje and Kopar 4.495 km PB34/CR/2023-24,(CAOC/CR CR mor),595,Maharashtra,07/2023,12/2024,07/2028,,338.33,205.0,57.54,15.0,-39.40827003221706,2026-07
Ministry of Railways,Railways,Ahmednagar - Beed - Parli - Vaijnath New Broad Gauge Line Railway Project [261.3 km],(CAOC/CR CR mor),596,Maharashtra,02/1997,04/2013,12/2026,03/2026,2538.67,5942.48,5054.69,93.0,134.07847416166732,2026-07
Ministry of Railways,Railways,Baramati - Lonand 54 km,(CAOC/CR CR mor),597,Maharashtra,02/1999,12/2003,03/2027,03/2027,138.48,1790.5,1132.25,60.0,1192.9664933564413,2026-07
Ministry of Railways,Railways,Wadsa-Gadchiroli 49.5 km,(CAOC/SECR SECR mor),598,Maharashtra,05/2017,11/2023,03/2027,03/2027,1886.0,1880.61,1015.46,69.0,-0.28579003181336693,2026-07
Ministry of Railways,Railways,Wardha - Yavatmal Nanded Railway Line Project,(Central Railways),599,Maharashtra,02/2008,04/2013,12/2026,,3445.34,4030.69,4053.03,47.0,16.989614958175387,2026-07
Ministry of Railways,Railways,Kalyan-Kasara - 3rd line 67.62 km,(CAOC/CR CR mor),600,Maharashtra,09/2015,09/2015,12/2026,12/2026,792.89,1395.5,1159.82,73.0,76.00171524423313,2026-07
Ministry of Railways,Railways,Redevelopment of Chhatrapati Shivaji Maharaj Terminus [CSMT] and construction of associated infrastructure,(Rail Land Development Authority),593,Maharashtra,04/2023,07/2023,03/2027,,1813.0,1813.0,873.99,25.0,0.0,2026-07
Ministry of Railways,Railways,Pachora-Jamner with extension upto Malkapur-Narrow gauge to broad gauge 84 km,(CAOC/CR CR mor),592,Maharashtra,08/2022,01/2026,08/2027,,955.39,2093.82,294.53,10.0,119.1586681878605,2026-07
Ministry of Railways,Railways,Wardha Sevagram-Nagpur - 3rd line 76.3 km,(CAOC/CR CR mor),601,Maharashtra,09/2015,10/2015,12/2025,10/2026,540.02,899.52,836.27,88.0,66.57160845894596,2026-07
Ministry of Railways,Railways,Wardha-Nagpur - 4th line 78.70 km,(CAOC/CR CR mor),604,Maharashtra,04/2017,06/2017,12/2025,10/2026,637.95,1194.59,1090.49,88.0,87.25448702876399,2026-07
Ministry of Railways,Railways,Jiribam-Imphal 110 km,(CAO/C-III/NFR NFR mor),607,Manipur,10/2003,04/2009,12/2026,06/2029,14323.0,21886.0,16931.5,78.0,52.80318369056762,2026-07
Ministry of Railways,Railways,Proposed 6 nos Road Over Bridge [ROB] at different locations under MCL Talcher Under Deposit Scheme.,(East Coast Railway [ECoR] - II),663,Odisha,08/2022,07/2022,03/2025,01/2025,168.32,168.32,69.85,82.0,0.0,2026-07
Ministry of Railways,Railways,Doubling of Lingaraj SILO connectivity of NTPC line and augmentation of NTPC exchange yard and NTPC Block Cabin.,(East Coast Railway [ECoR] - II),664,Odisha,08/2022,06/2022,12/2024,12/2026,210.0,210.0,41.17,53.0,0.0,2026-07
Ministry of Steel,Metals & Mining,Rebuilding of COB 4 at Durgapur Steel Plant,(Steel Authority of India Limited [SAIL]),518,West Bengal,09/2023,09/2023,09/2027,09/2027,916.78,916.78,244.78,37.19,0.0,2026-07
Ministry of Railways,Railways,Doubling of lines connecting the loading spurs in Talcher Yard.,(East Coast Railway [ECoR] - II),665,Odisha,09/2022,06/2022,12/2024,06/2027,186.21,186.21,105.07,88.0,0.0,2026-07
Ministry of Railways,Railways,Wardha-Balharshah - 3rd line 132 km,(CAOC/CR CR mor),602,Maharashtra,03/2016,05/2016,12/2025,02/2026,1384.72,2603.11,1894.7,86.0,87.98818533710786,2026-07
Ministry of Railways,Railways,Daund - Manmad 247.50 km,(CAOC/CR CR mor),603,Maharashtra,10/2017,11/2018,12/2025,03/2026,2081.27,3554.74,3191.56,95.0,70.79667702892945,2026-07
Ministry of Petroleum & Natural Gas,Energy Storage,CBR 9 MMTPA Project,(Chennai Petroleum Corporation Limited [CPCL]),417,Tamil Nadu,09/2021,09/2021,06/2025,,31580.0,36354.0,1615.38,10.2,15.117162761241293,2026-07
Ministry of Railways,Railways,Gunupur - Therubali new line 73.62 km,(CAO/C/ECOR ECoR mor),671,Odisha,08/2024,05/2026,12/2029,,1165.89,1165.73,1.95,0.0,-0.013723421592095466,2026-07
Ministry of Railways,Railways,Talcher-Bimlagarh 154 km,(CAO/C/ECOR ECoR mor),673,Odisha,03/2004,07/2008,03/2025,03/2029,1928.0,4546.84,2164.01,56.0,135.83195020746888,2026-07
Ministry of Railways,Railways,Koraput-Singapur Road 164.56 km,(CAO/C/ECOR ECoR mor),675,Odisha,12/2015,01/2016,12/2027,03/2028,2362.0,2462.17,2093.47,56.0,4.240897544453856,2026-07
Ministry of Railways,Railways,Jarapaada-Budhapank with flyover at Talcher Road - 3rd & 4th line 47 44 km,(CAO/C/ECOR ECoR mor),676,Odisha,11/2015,05/2016,11/2018,03/2028,1000.0,928.54,758.57,25.0,-7.1460000000000035,2026-07
Ministry of Railways,Railways,Budhapank-Salegaon via Rajatgarh - 3rd & 4th line 85 85 km,(CAO/C/ECOR ECoR mor),677,Odisha,12/2015,04/2016,03/2026,03/2026,1173.0,3034.8,2213.72,86.0,158.7212276214834,2026-07
Ministry of Railways,Railways,Jeypore - Navarangpur 38 km,(CAO/C/ECOR ECoR mor),678,Odisha,07/2017,09/2022,07/2028,12/2029,748.0,747.91,15.93,1.0,-0.012032085561501583,2026-07
Ministry of Railways,Railways,Jeypore - Malkangiri 130 km,(CAO/C/ECOR ECoR mor),679,Odisha,02/2018,04/2026,07/2033,07/2033,2344.0,2343.64,736.58,6.0,-0.01535836177474946,2026-07
Ministry of Railways,Railways,North Region Video Surveillance Project,(RCIL),680,PAN India,06/2020,04/2023,03/2024,,274.39,274.39,0.0,48.0,0.0,2026-07
Ministry of Railways,Railways,Railway Manufacturing Unit,(RVNL - II),697,Telangana,07/2016,02/2023,12/2026,03/2026,521.36,521.36,492.12,91.0,0.0,2026-07
Ministry of Railways,Railways,Nathdwara Mavli - Devgarh Madariya 82.542 km,(CAOC/NWR NWR mor),683,Rajasthan,01/2023,08/2023,06/2028,,968.92,1100.0,816.16,75.0,13.52846468232672,2026-07
Ministry of Railways,Railways,Pushkar - Merta Katyasani 51.346 km,(CAOC/NWR NWR mor),685,Rajasthan,02/2024,08/2024,12/2026,12/2028,799.64,799.64,242.08,7.0,0.0,2026-07
Ministry of Railways,Railways,SADULPUR - CHURU DOUBLING PROJECT,(North Western Railway [NWR]),687,Rajasthan,01/2024,01/2024,06/2026,,468.64,468.64,197.84,95.0,0.0,2026-07
Ministry of Railways,Railways,North Western Railway - New line between Ramdevra and Pokhran via Bhairav Gufa - Kailash Tekri 13.38 Km PB30/NR/2025-26,(CAOC/NWR NWR mor),688,Rajasthan,04/2025,05/2026,03/2028,,189.21,189.21,57.31,3.0,0.0,2026-07
Ministry of Railways,Railways,Agra Fort-Bandikui Doubling Line Project,(CAO/C/NCR),690,Rajasthan,06/2022,02/2021,06/2027,06/2027,1390.0,1390.0,529.92,56.0,0.0,2026-07
Ministry of Railways,Railways,Phase II extension of MRTS from Velachery to St Thomas Mount,(Ministry of Railways),693,Tamil Nadu,11/2007,11/2008,07/2025,09/2025,734.0,734.01,486.53,99.9,0.0013623978201622487,2026-07
Ministry of Railways,Railways,Redevelopment of Chennai Egmore Station,(Ministry of Railways),694,Tamil Nadu,05/2022,10/2022,03/2026,,842.0,842.0,340.0,0.0,0.0,2026-07
Ministry of Railways,Railways,Coach Production Factory Upgradation Project,(CPM/ICF),695,Tamil Nadu,12/2017,07/2018,12/2021,,520.0,520.0,192.25,0.0,0.0,2026-07
Ministry of Railways,Railways,Bhadrak-Nergundi - 3rd line 80 km,(CAO/C/ECOR ECoR mor),674,Odisha,03/2012,09/2016,11/2024,01/2026,1284.0,1600.0,1395.78,87.0,24.610591900311526,2026-07
Ministry of Railways,Railways,Madurai-Tuticorin via Aruppukkottai 143.5 km,(CAOC/SR SR mor),696,Tamil Nadu,04/2011,06/2016,07/2021,01/2031,601.43,2053.39,351.21,14.0,241.41795387659414,2026-07
Ministry of Railways,Railways,"Bahraich - Khalilabad via Bhinga, Shravasti, Balrampur, Utraula, Domriyaganj, Mehdawal, Bansi 240.26 km",(CAOC/NER NER mor),698,Uttar Pradesh,10/2018,01/2024,10/2030,10/2030,4939.78,4939.78,1671.24,15.0,0.0,2026-07
Ministry of Road Transport & Highways,Roads & Highways,Two laning with paved shoulders of Lambasingi to Paderusection of NH 516E,(MoRTH),736,Andhra Pradesh,04/2020,11/2023,11/2025,03/2027,361.24,358.05,145.94,56.69,-0.883069427527405,2026-07
Ministry of Railways,Railways,Anand Nagar - Ghughuli via Maharajganj 53.37 km,(CAOC/NER NER mor),701,Uttar Pradesh,08/2023,01/2026,03/2028,,958.27,1501.1,888.5,12.0,56.64687405428532,2026-07
Ministry of Railways,Railways,Burhwal - Gonda - 3rd line 61.72 km,(CAOC/NER NER mor),703,Uttar Pradesh,11/2017,04/2020,03/2025,05/2026,1016.0,1307.62,777.21,100.0,28.7027559055118,2026-07
Ministry of Railways,Railways,Janghai - Pratapgarh - Amethi 87 km,(CAO/C-II/NR NR mor),704,Uttar Pradesh,11/2017,03/2019,03/2025,03/2026,722.0,1528.83,1216.52,80.0,111.74930747922436,2026-07
Ministry of Railways,Railways,Lalitpur - Birari with flyover at Lalitpur 15.80 km,(CAO/C/NCR NCR mor),705,Uttar Pradesh,03/2017,03/2023,12/2024,01/2026,304.44,356.1,287.11,85.0,16.968860859282625,2026-07
Ministry of Railways,Railways,Mughalsarai - Allahabad - 3rd line 150 km,(CAO/C/NCR NCR mor),706,Uttar Pradesh,08/2019,12/2020,12/2026,03/2027,2649.0,2649.44,2027.64,77.0,0.01661004152510587,2026-07
Ministry of Railways,Railways,Aligarh-Daud Khan - 3rd line 6.9 km & construction of flyover at Daud Khan,(CAO/C/NCR NCR mor),707,Uttar Pradesh,04/2019,02/2021,01/2025,03/2027,758.0,779.49,395.24,87.0,2.8350923482849613,2026-07
Ministry of Railways,Railways,Sahjanwa - Dohrighat 81.17 km,(CAOC/NER NER mor),699,Uttar Pradesh,08/2019,04/2025,03/2029,03/2029,1319.75,1319.75,728.08,1.0,0.0,2026-07
Ministry of Railways,Railways,Maintenance cum workshop depot for Vande Bharat Sleeper Trains as per conditions under WTA 527,(WPO/Patna),684,Rajasthan,09/2022,06/2023,12/2024,,166.86,166.86,0.0,0.0,0.0,2026-07
Ministry of Railways,Railways,Bhandai - Flyover for Etawah bound down trains 10 km,(CAO/C/NCR NCR mor),708,Uttar Pradesh,04/2019,12/2025,02/2026,02/2027,250.18,250.18,146.85,11.0,0.0,2026-07
Ministry of Road Transport & Highways,Roads & Highways,Widening to two lane with paved shoulders from Km 0/0 to 64/020 Pamarru to Akiveedu,(MoRTH),718,Andhra Pradesh,03/2020,11/2021,11/2023,05/2027,529.54,588.65,248.31,74.41,11.162518412206826,2026-07
Ministry of Road Transport & Highways,Roads & Highways,Kurnool/Kadapa Border-Jammalamadugu section of NH-167K i.e. Design Ch. Km 248010 to km 269900 to 2,(MoRTH),719,Andhra Pradesh,03/2023,12/2024,12/2026,12/2026,292.63,292.63,0.0,95.77,0.0,2026-07
Ministry of Road Transport & Highways,Roads & Highways,Nandyala-Kurnool/Kadapa Border section of NH-167K i.e. Km 186/000 to Km 250/000Design Ch.186000 to 248010 to 2LPS,(MoRTH),720,Andhra Pradesh,10/2024,09/2025,09/2027,09/2027,691.81,691.81,0.0,49.71,0.0,2026-07
Ministry of Road Transport & Highways,Roads & Highways,Sangameswaram - Atmakuru section from Km 96 to Km 124 & Velegodu- Nandyal section including Nandyal Bypass from Km 143/6 to 185/9 NH-167K,(MoRTH),721,Andhra Pradesh,10/2024,07/2025,07/2027,07/2027,776.17,644.14,0.0,41.98,-17.010448741899324,2026-07
Ministry of Road Transport & Highways,Roads & Highways,Muddanur to B. Kothapalli section of NH-716G from Km. 0/000 to Km. 56/500 56.500 Km in the State of Andhra Pradesh on EPC mode Job no. 741,(MoRTH),726,Andhra Pradesh,10/2024,08/2025,08/2027,08/2027,1019.97,1019.97,0.0,33.55,0.0,2026-07
Ministry of Road Transport & Highways,Roads & Highways,Kondamodu to Perecherla Section Design Ch. Km 000 to Km 49917 of NH-167AG to to 4LPS,(MoRTH),727,Andhra Pradesh,10/2024,04/2025,04/2027,04/2027,881.61,881.61,0.0,37.95,0.0,2026-07
Ministry of Railways,Railways,Bhatni - Aunrihar with electrification 125 km excl Indara - Mau 116.95 km,(CMD / RVNL RVNL mor),709,Uttar Pradesh,03/2018,11/2019,03/2024,06/2026,2529.0,2529.46,2295.3,94.0,0.01818900751285237,2026-07
Ministry of Railways,Railways,Barabanki-Malhaur - 3rd & 4th Line 32.84 km,(CAO/C-II/NR NR mor),710,Uttar Pradesh,01/2019,08/2022,03/2025,08/2026,407.0,480.13,444.11,77.0,17.968058968058966,2026-07
Ministry of Railways,Railways,Khurda Road-Bolangir 301 km,(CAO/C/ECOR ECoR mor),672,Odisha,03/1994,03/2001,12/2026,12/2026,3792.0,6221.98,4825.28,93.0,64.0817510548523,2026-07
Ministry of Road Transport & Highways,Roads & Highways,Bangalore Chennai Expressway Phase-II Pkg-III from km.127.000 to Km 156.000 Bangarupalem to Gudipala section,(NHAI),741,Andhra Pradesh,11/2020,10/2022,10/2024,08/2026,1407.33,1407.33,868.62,99.46,0.0,2026-07
Ministry of Road Transport & Highways,Roads & Highways,Renigunta - Poyya - Naidupeta km 124.60 to km 183.4 of NH 71,(NHAI),749,Andhra Pradesh,03/2020,01/2022,01/2024,09/2026,1863.09,2510.14,1677.19,98.6,34.729937898866936,2026-07
Ministry of Road Transport & Highways,Roads & Highways,Development of 4L Road from Samarlakota to Achampeta Junction as part of Kakinada Port Connectivity to NH-16 Rajanagaram Junction in East Godavari District,(NHAI),763,Andhra Pradesh,09/2022,08/2023,08/2025,12/2026,645.63,750.2,680.09,93.0,16.196583182318054,2026-07
Ministry of Road Transport & Highways,Roads & Highways,Dedicated Port road to Krishnapatnam Port Package-I from Km. 0.000 to Km. 18.000,(NHAI),764,Andhra Pradesh,03/2018,12/2018,12/2020,03/2027,348.72,341.36,310.54,80.19,-2.110575820142238,2026-07
Ministry of Road Transport & Highways,Roads & Highways,Improvement of 4L road to 6L road and 4L dedicated Port Roads for the Port connectivity road from Convent junction to Sheelanagar Junction,(NHAI),766,Andhra Pradesh,01/2023,02/2024,02/2026,12/2026,685.99,680.21,493.92,79.0,-0.8425778801440215,2026-07
Ministry of Road Transport & Highways,Roads & Highways,Construction of 2-Laning with hard shoulders of Demwe-Brahmakund section of NH- 13 from Ch.0.00 km to 18.464 km on EPC under SARDP-NE NHO-NE -Balance Work,(NHIDCL),790,Arunachal Pradesh,08/2020,06/2025,12/2027,12/2027,353.9,353.9,26.82,19.57,0.0,2026-07
Ministry of Road Transport & Highways,Roads & Highways,Construction of proposed 4Lane Revelgunj bypass NH-19 in the State of Bihar on EPC mode connecting NH 19 to 85 origin,(MoRTH),836,Bihar,03/2022,07/2023,07/2025,12/2026,295.24,295.24,44.18,88.65,0.0,2026-07
Ministry of Road Transport & Highways,Roads & Highways,Widening & Strenthening from km132.895 to km 190.15 NH-80,(MoRTH),837,Bihar,03/2021,11/2022,11/2024,11/2026,566.1,566.1,293.89,73.21,0.0,2026-07
Ministry of Road Transport & Highways,Roads & Highways,Gaya-Hisua-Rajgir-Nalanda-Biharsharif section km0.00 to 92.935 NH-82,(MoRTH),838,Bihar,01/2014,11/2016,11/2019,10/2026,1408.85,2138.16,0.0,97.0,51.766334244241754,2026-07
Ministry of Road Transport & Highways,Roads & Highways,Construction of Major Bridge over Baghmati and Lakhandei River along with Approaches from Design km.16.500 to km.21.500,(NHAI),879,Bihar,02/2024,10/2024,04/2027,03/2028,498.97,380.3,57.23,26.84,-23.78299296550895,2026-07
Ministry of Road Transport & Highways,Roads & Highways,Rehabilitation and Upgradation of Chorma - Bairgania Section of National Highway No 227F to 2 lane with paved shoulders from Design Ch.0.000 to Ch. 34.566,(NHAI),881,Bihar,06/2022,02/2024,01/2026,08/2026,610.78,628.65,337.4,100.0,2.9257670519663392,2026-07
Ministry of Road Transport & Highways,Roads & Highways,Simaria Km. 206.050 to Khagaria Km. 266.282,(NHAI),866,Bihar,12/2015,10/2016,04/2019,10/2026,664.02,891.64,814.22,97.73,34.27908797927773,2026-07
Ministry of Road Transport & Highways,Roads & Highways,Bakhtiyarpur-Rajauli Pkg-II from km. 54.405 to km.101.630,(NHAI),868,Bihar,09/2020,04/2021,07/2023,08/2026,897.45,1397.47,914.25,97.85,55.71563875424814,2026-07
Ministry of Road Transport & Highways,Roads & Highways,Bakhtiyarpur-Rajauli Pkg-III from km. 101.630 to km.152.520,(NHAI),869,Bihar,09/2020,12/2021,06/2024,08/2026,2156.22,3046.61,1818.91,99.14,41.29402380091087,2026-07
Ministry of Road Transport & Highways,Roads & Highways,Maheshkunt-Saharsa-Purnea Pkg I km 0.00 to km. 90.00 of NH-107,(NHAI),870,Bihar,02/2017,12/2019,12/2021,09/2026,662.44,1311.22,1126.22,90.07,97.93792645371656,2026-07
Ministry of Road Transport & Highways,Roads & Highways,Maheshkunt -Saharsa-Purnea Pkg II,(NHAI),871,Bihar,03/2017,12/2018,12/2020,09/2026,1245.33,1244.09,1230.43,94.0,-0.09957200099572075,2026-07
Ministry of Road Transport & Highways,Roads & Highways,Widening with additional 3L abetting Chhapra Bypass Section of NH-19 from Km. 143.200 to Km. 159.255 Pkg-1,(NHAI),872,Bihar,02/2024,08/2024,08/2026,10/2026,470.5,528.48,302.74,77.28,12.323060573857603,2026-07
Ministry of Road Transport & Highways,Roads & Highways,Umagaon-Saharsa Package-IV Koshi Bridge & approach Road - Bheja-Bakaur,(NHAI),876,Bihar,02/2019,02/2020,08/2023,03/2027,1199.58,1223.94,1312.28,92.4,2.0307107487620777,2026-07
Ministry of Road Transport & Highways,Roads & Highways,Improvement to two lane with paved shoulders of NH-319A from km 0 to km 45 in state of Bihar under EPC mode,(MoRTH),846,Bihar,02/2022,06/2023,12/2024,11/2026,427.29,427.29,198.23,93.0,0.0,2026-07
Ministry of Railways,Railways,"Varanasi- Pt. Deen Dayal Upadhyaya - Multitracking 15 km, including construction of a new Rail- cum- Road Bridge across Ganga River",(CAO/C-II/NR NR mor),700,Uttar Pradesh,10/2024,08/2025,10/2029,,2464.46,2464.46,109.93,5.0,0.0,2026-07
Ministry of Road Transport & Highways,Roads & Highways,Bakhtiyarpur Km 153.300 to Mokama Km 197.900,(NHAI),882,Bihar,12/2015,06/2017,12/2019,08/2026,1898.84,1898.84,1799.23,99.95,0.0,2026-07
Ministry of Road Transport & Highways,Roads & Highways,Delhi-Vadodara Greenfield Alignment NH-148N Pkg-26 Ch.696890 to Ch.726390,(NHAI),928,Gujarat,09/2020,12/2022,08/2024,02/2027,1555.2,1556.4,1288.32,85.5,0.07716049382716342,2026-07
Ministry of Road Transport & Highways,Roads & Highways,Construction of Approach Road to Rail-cum- Road Bridge across river Ganga at Munger Ghat NH-333 B,(NHAI),885,Bihar,07/2013,12/2018,05/2021,08/2026,537.88,633.91,573.97,99.99,17.85342455566297,2026-07
Ministry of Road Transport & Highways,Roads & Highways,Durg-Raipur-Arang Package - 2 from km. 44.50 to km. 92.23 near Khatti Village to near Aurang,(NHAI),899,Chhattisgarh,06/2022,06/2023,05/2025,03/2027,1958.9,1561.97,1001.18,73.96,-20.262902649446122,2026-07
Ministry of Road Transport & Highways,Roads & Highways,Development of 6L of Jhanki Sargi Section Road from km 0.000 to km 42.800 of NH- 130CD Pkg-CG-1,(NHAI),903,Chhattisgarh,11/2021,09/2022,09/2024,02/2027,1368.19,1129.14,715.32,99.35,-17.471988539603416,2026-07
Ministry of Road Transport & Highways,Roads & Highways,Development of 6L Sargi Basanwahi Section from km 42.800 to km 99.500 of NH- 130CD Pkg-CG-2,(NHAI),904,Chhattisgarh,12/2021,01/2023,01/2025,08/2026,1470.73,1461.81,757.62,100.0,-0.6065015332521995,2026-07
Ministry of Road Transport & Highways,Roads & Highways,Development of 6L of Basanwahi Marangpuri Section from km 99.500 to km 124.661 of NH-130-CD,(NHAI),905,Chhattisgarh,03/2022,10/2023,10/2025,03/2027,1307.16,1303.63,489.55,70.73,-0.2700511031549292,2026-07
Ministry of Road Transport & Highways,Roads & Highways,Dwarka Expressway from Km -0.600 to Km 5.300 - Pkg-I Shivmurti Chowk-RuB near Dwarka Sector 21,(NHAI),914,Delhi,03/2018,09/2020,09/2022,08/2026,2144.67,3929.5,3512.17,98.8,83.22166114134109,2026-07
Ministry of Road Transport & Highways,Roads & Highways,Construction of Six lane Elevated Corridor from Km. 508.000 to Km. 513.150 including approaches on NH-66,(MoRTH),916,Goa,04/2023,04/2024,04/2026,10/2026,641.46,641.46,0.0,99.08,0.0,2026-07
Ministry of Road Transport & Highways,Roads & Highways,Nandigama Bypass and Kanchikacherla bypass,(NHAI),746,Andhra Pradesh,11/2017,03/2018,06/2019,09/2026,416.07,444.58,387.77,98.47,6.852212368111132,2026-07
Ministry of Road Transport & Highways,Roads & Highways,Umagaon-Saharsa Package-V Bakaur-Parsarma-Bangaon-Bariyahi & Spur to Mahishi,(NHAI),883,Bihar,10/2022,12/2023,12/2025,08/2026,768.35,968.42,509.32,99.5,26.038914557167946,2026-07
Ministry of Road Transport & Highways,Roads & Highways,Delhi-Vadodara Greenfield Alignment NH-148N Pkg-31 Ch.824920 to Ch.844382 [Junction near Pratap nagar Village - Junction near Dodka Village],(NHAI),929,Gujarat,11/2019,05/2021,05/2023,08/2026,1644.85,1651.14,1297.76,100.0,0.38240569048850603,2026-07
Ministry of Road Transport & Highways,Roads & Highways,Vadodara Mumbai Expressway Kim to Ankleshwar Phase IA - Pkg V,(NHAI),930,Gujarat,02/2018,11/2019,10/2021,08/2026,1324.84,2807.48,1546.7,91.34,111.91087225627247,2026-07
Ministry of Road Transport & Highways,Roads & Highways,Vadodara Mumbai Expressway Karvad - Jujuwa from Km. 128.000 to Km. 154.600 Phase-I Package-IX,(NHAI),931,Gujarat,07/2023,04/2024,10/2025,07/2027,2594.17,2587.04,235.55,21.75,-0.2748470609096593,2026-07
Ministry of Road Transport & Highways,Roads & Highways,Ahmedabad - Dholera Pkg III from km. 48.52 to km. 71.06 [Vejallka Village - Start of DSIR zone],(NHAI),932,Gujarat,05/2020,07/2021,07/2023,08/2026,1034.04,1155.41,1125.55,100.0,11.737456964914328,2026-07
Ministry of Road Transport & Highways,Roads & Highways,Ahmedabad - Dholera Pkg IV from km. 71.06 to km. 109.019 [Start of DSIR zone - Adhelai Village],(NHAI),933,Gujarat,05/2020,12/2021,12/2023,08/2026,1181.76,1358.73,1222.79,98.08,14.975121852152723,2026-07
Ministry of Road Transport & Highways,Roads & Highways,Sanchore - Santalpur from km 99.000 - km 130.073 of NH-754K AJ-RGBS-Package-4,(NHAI),937,Gujarat,02/2020,03/2021,03/2023,08/2026,778.15,835.55,767.83,99.7,7.376469832294543,2026-07
Ministry of Road Transport & Highways,Roads & Highways,Construction of 4 lane with PS Idar-Badoli bypass section from design km 81/300 to km 95/500 of NH 168G in the State of Gujarat,(MoRTH),943,Gujarat,03/2025,05/2026,05/2028,05/2028,705.09,705.09,0.0,7.0,0.0,2026-07
Ministry of Road Transport & Highways,Roads & Highways,"Widening 2 lane to 4-lane from KM 92/320 to Km 115/320 Vav Chokdi-Satlasana to to Vrundavan Chokdi, Kheralu on NH-58 in the State of Gujarat.",(MoRTH),923,Gujarat,03/2022,03/2024,03/2026,08/2026,151.13,171.27,0.0,98.0,13.326275392046593,2026-07
Ministry of Road Transport & Highways,Roads & Highways,Widening to 6L of Existing 4L Jetpur - Gondal - Rajkot Section from Km. 117.600 to Km. 185.00 on NH-27,(NHAI),944,Gujarat,03/2022,09/2023,09/2025,01/2027,2070.44,1390.29,1117.01,76.83,-32.85050520662275,2026-07
Ministry of Road Transport & Highways,Roads & Highways,Delhi-Vadodara Greenfield Alignment NH-148N Pkg-27 Ch.729.700 to Ch.756.052,(NHAI),946,Gujarat,09/2020,02/2022,02/2024,08/2026,1185.69,1259.27,1045.08,98.9,6.205669272744134,2026-07
Ministry of Road Transport & Highways,Roads & Highways,Jagadhari - Tajewala from Km -0.175 to 32.337 km of NH-344,(NHAI),954,Haryana,03/2022,02/2023,02/2025,03/2027,1269.5,919.43,712.77,68.0,-27.57542339503742,2026-07
Ministry of Road Transport & Highways,Roads & Highways,Rehabilitation and Upgradation to 4L configuration & Strengthening of Sihuni to Rajol from Km 51.000 to Km 72.000 of NH-154 Package-IIA,(NHAI),969,Himachal Pradesh,03/2022,09/2023,09/2025,09/2026,696.65,776.59,496.48,99.18,11.474915667838951,2026-07
Ministry of Road Transport & Highways,Roads & Highways,Rehabilitation and Upgradation to 2L PS configuration & Strengthening of Padhar to Bijni section from Km 180.000 to Km 202.815 of NH-154 Pkg-VA,(NHAI),970,Himachal Pradesh,06/2022,11/2024,11/2026,11/2026,930.86,930.86,666.12,99.86,0.0,2026-07
Ministry of Road Transport & Highways,Roads & Highways,Rehabilitation and Up-gradation to 4L configuration & Strengthening of Thanpuri to Paror section from Km 85.135 to Km 100.840 of NH-154 Pkg-IIC,(NHAI),971,Himachal Pradesh,07/2022,03/2024,12/2025,04/2027,815.68,666.79,496.91,56.61,-18.25348175755198,2026-07
Ministry of Road Transport & Highways,Roads & Highways,Solan - Kaithlighat Section of NH-22 Now NH-5 from Km. 106.139 to Km.129.05,(NHAI),980,Himachal Pradesh,03/2018,11/2018,05/2021,11/2026,881.74,1519.53,1347.79,90.11,72.33311406990723,2026-07
Ministry of Road Transport & Highways,Roads & Highways,Barhi-Koderma Section of NH31 km 0.00 - km 27.5,(NHAI),1037,Jharkhand,02/2017,11/2019,08/2024,08/2026,662.44,826.59,825.2,98.5,24.77960268099752,2026-07
Ministry of Road Transport & Highways,Roads & Highways,Bangalore/TN border to Hoskote,(NHAI),1087,Karnataka,02/2022,02/2023,02/2025,11/2026,1181.68,1297.76,1153.14,94.89,9.823302416897969,2026-07
Ministry of Road Transport & Highways,Roads & Highways,Amended BharatNet Program - OD,(Department of Telecommunications),1720,PAN India,08/2023,07/2026,07/2029,,1713.0,1713.0,0.0,0.0,0.0,2026-07
Ministry of Road Transport & Highways,Roads & Highways,Pandoh bypass 221.305 to Takoli 242.000 of NH-21 in the state of Himachal Pradesh,(NHAI),967,Himachal Pradesh,06/2017,03/2018,09/2021,03/2027,3419.95,4465.94,2883.58,95.65,30.584950072369477,2026-07
Ministry of Road Transport & Highways,Roads & Highways,Nidagatta-Mysore Pkg II,(NHAI),1094,Karnataka,02/2018,12/2019,06/2022,09/2026,2919.8,4113.89,3715.84,99.19,40.8962942667306,2026-07
Ministry of Road Transport & Highways,Roads & Highways,Paravoor-Kottankulangara,(NHAI),1115,Kerala,12/2021,08/2022,02/2025,03/2027,3273.61,3200.24,2858.55,71.2,-2.2412565944019094,2026-07
Ministry of Road Transport & Highways,Roads & Highways,Kottankulangara- Start of Kollam Bypass,(NHAI),1116,Kerala,06/2021,04/2022,10/2024,03/2027,2842.14,3680.49,2373.2,73.89,29.49713947940636,2026-07
Ministry of Road Transport & Highways,Roads & Highways,Start of Kollam Bypass - Kadambattukonam,(NHAI),1120,Kerala,06/2021,10/2022,03/2025,06/2027,2641.37,3309.06,1990.71,81.8,25.278170040547142,2026-07
Ministry of Road Transport & Highways,Roads & Highways,Kadambattukonam-Kazhakuttom,(NHAI),1121,Kerala,12/2021,07/2022,01/2025,05/2027,3635.64,3526.33,2124.13,44.34,-3.0066233180402886,2026-07
Ministry of Road Transport & Highways,Roads & Highways,Kargil Zanskar Road,(NHIDCL),1122,Ladakh,03/2021,07/2021,01/2023,08/2026,398.37,398.37,337.19,97.1,0.0,2026-07
Ministry of Road Transport & Highways,Roads & Highways,Outer Ring Road of Jabalpur Town from NH45 to Kushner Pkg-3,(NHAI),1159,Madhya Pradesh,09/2022,03/2024,03/2026,12/2026,911.24,773.23,552.62,79.8,-15.145296519029014,2026-07
Ministry of Road Transport & Highways,Roads & Highways,Yekkambi-Haveri,(NHAI),1095,Karnataka,09/2021,03/2022,03/2024,02/2028,294.62,309.9,94.8,24.7,5.186341728328006,2026-07
Ministry of Road Transport & Highways,Roads & Highways,Thuravoor Thekku-Paravoor,(NHAI),1114,Kerala,09/2021,03/2022,09/2024,05/2027,2878.97,2638.67,2514.83,81.49,-8.346735117073111,2026-07
Ministry of Road Transport & Highways,Roads & Highways,Saturation 4G mobile coverage of Uncovered Villages through USOF,(Department of Telecommunications [DoT]),1721,PAN India,07/2022,07/2022,06/2024,03/2027,26316.0,15392.84,8722.82,87.7,-41.50767593859249,2026-07
Ministry of Road Transport & Highways,Roads & Highways,Indore - Harda Pkg-II [Raghavgarh to Nanasa from km. 29.30 to km. 92.30],(NHAI),1176,Madhya Pradesh,01/2023,03/2024,03/2026,11/2027,1081.51,1146.63,369.46,40.25,6.021211084502235,2026-07
Ministry of Road Transport & Highways,Roads & Highways,Arawali Kante section of NH-17New NH-66 4L PS from Km.241/300 to 281/300,(MoRTH),1184,Maharashtra,03/2016,11/2017,11/2019,03/2026,1006.99,1443.09,0.17,80.06,43.30728209813403,2026-07
Ministry of Road Transport & Highways,Roads & Highways,Kopargaon to Savali Vihir section,(MoRTH),1186,Maharashtra,06/2022,01/2023,07/2024,08/2026,195.38,195.38,105.76,93.45,0.0,2026-07
Ministry of Road Transport & Highways,Roads & Highways,Satara to Mhaswad,(MoRTH),1208,Maharashtra,01/2017,08/2017,08/2019,08/2026,653.46,653.46,7.34,98.08,0.0,2026-07
Ministry of Road Transport & Highways,Roads & Highways,Shirur-Kharda section from 55937 km to 114486 km to 2LPS/4L,(MoRTH),1212,Maharashtra,02/2017,06/2017,06/2019,08/2026,381.77,381.77,0.0,83.93,0.0,2026-07
Ministry of Road Transport & Highways,Roads & Highways,Bodhre - Dhule,(NHAI),1239,Maharashtra,02/2021,01/2022,07/2024,08/2026,1344.78,1292.7,837.67,97.69,-3.8727524204702575,2026-07
Ministry of Road Transport & Highways,Roads & Highways,Amritsar Bypass Pkg III from km. 71.496 to km. 105.158,(NHAI),1452,Punjab,02/2021,08/2022,08/2024,12/2026,1474.77,1228.42,1222.67,82.88,-16.704299653505288,2026-07
Ministry of Road Transport & Highways,Roads & Highways,Deogarh near Dhandhaniya-Rajasthan/Gujarat Border Phase-I AJ/DRGB-Package-7,(NHAI),1471,Rajasthan,10/2019,07/2021,07/2023,08/2026,662.08,597.77,561.75,99.2,-9.713327694538433,2026-07
Ministry of Road Transport & Highways,Roads & Highways,Melur - Pilayarpatti - Karaikudi from km 99.920 of NH 38 to km 12.9 of NH 383 Ext.,(NHAI),1501,Tamil Nadu,12/2018,03/2020,03/2022,08/2026,1103.86,1085.41,956.44,98.12,-1.6714076060369811,2026-07
Ministry of Road Transport & Highways,Roads & Highways,Udgir Raavi Degloor Aadampur phata to Sagroli fata,(MoRTH),1180,Maharashtra,11/2024,04/2026,04/2028,,809.77,809.77,0.93,12.0,0.0,2026-07
Ministry of Road Transport & Highways,Roads & Highways,Mahabalipuram - Pondicherry Pkg-II [Mugaiyur to Marakkanam],(NHAI),1514,Tamil Nadu,02/2019,12/2023,12/2025,03/2027,1116.13,1463.75,804.69,53.41,31.145117504233365,2026-07
Ministry of Road Transport & Highways,Roads & Highways,Bijnor-Kotawali,(NHAI),1647,Uttar Pradesh,02/2021,11/2021,05/2023,08/2026,300.58,334.48,299.77,99.02,11.278195488721817,2026-07
Ministry of Road Transport & Highways,Roads & Highways,Amended BharatNet Program - HR,(Department of Telecommunications),1715,PAN India,08/2023,03/2026,03/2029,,837.0,837.0,83.68,0.0,0.0,2026-07
Ministry of Road Transport & Highways,Roads & Highways,Amended BharatNet Program - PB,(Department of Telecommunications),1716,PAN India,08/2023,02/2025,02/2028,,1245.0,1245.0,0.0,26.58,0.0,2026-07
Ministry of Road Transport & Highways,Roads & Highways,"Amended BharatNet Program - MP, DD and DNH",(Department of Telecommunications),1717,PAN India,06/2023,05/2025,05/2028,,4943.0,4943.0,562.13,8.4,0.0,2026-07
Ministry of Road Transport & Highways,Roads & Highways,Amended BharatNet Program - WB & ANI,(Department of Telecommunications),1718,PAN India,08/2023,02/2025,02/2028,,1674.0,1674.0,223.41,15.13,0.0,2026-07
Ministry of Road Transport & Highways,Roads & Highways,Amended BharatNet Program - AS,(Department of Telecommunications),1719,PAN India,08/2023,03/2026,03/2029,,832.0,832.0,83.16,0.0,0.0,2026-07
Ministry of Road Transport & Highways,Roads & Highways,Kante - Wakad section of NH-66 4L PS from Km.281/300 to 332/200,(MoRTH),1185,Maharashtra,03/2016,11/2017,11/2019,11/2025,1117.75,2020.56,375.93,90.14,80.7702974726012,2026-07
Ministry of Road Transport & Highways,Roads & Highways,Four Laning of Chettikulam to Natham section of NH-785,(NHAI),1515,Tamil Nadu,03/2018,11/2018,11/2020,06/2026,837.61,823.93,641.93,99.75,-1.63321832356348,2026-07
Ministry of Road Transport & Highways,Roads & Highways,Four Laning of Una to Kodinar from km. 180.478 to km. 221.610 Package-V,(NHAI),945,Gujarat,02/2016,02/2017,08/2019,03/2025,877.71,1126.66,1008.79,100.0,28.363582504471868,2026-07
Ministry of Road Transport & Highways,Roads & Highways,"Amended BharatNet Program - J&K, LAD",(Department of Telecommunications),1722,PAN India,08/2023,06/2025,06/2028,,1621.0,1621.0,170.05,8.28,0.0,2026-07
Ministry of Housing & Urban Affairs,Construction,Satna Sewerage Management and Treatment Infrastructure Project,(Ministry of Housing & Urban Affairs),288,Madhya Pradesh,11/2015,12/2016,03/2024,08/2026,191.56,215.89,200.32,96.0,12.700981415744405,2026-07
Ministry of Road Transport & Highways,Roads & Highways,BharatNet Phase-II,(Department of Telecommunications),1725,PAN India,07/2017,11/2017,05/2023,,22174.56,22174.56,20691.72,93.33,0.0,2026-07
Ministry of Road Transport & Highways,Roads & Highways,Amended BharatNet Program - KL,(Department of Telecommunications),1726,PAN India,08/2023,06/2025,06/2028,,765.0,765.0,94.95,1.63,0.0,2026-07
Ministry of Road Transport & Highways,Roads & Highways,Amended BharatNet Program - UKD,(Department of Telecommunications),1727,PAN India,08/2023,05/2025,05/2028,,1821.0,1821.0,209.87,20.54,0.0,2026-07
Ministry of Road Transport & Highways,Roads & Highways,BharatNet,(Department of Telecommunications [DoT]),1729,PAN India,07/2017,10/2011,08/2023,03/2019,61109.0,12709.0,48809.69,99.98,-79.20273609451964,2026-07
Ministry of Road Transport & Highways,Roads & Highways,Amended BharatNet Program - RJ,(Department of Telecommunications),1733,PAN India,08/2023,03/2026,03/2029,,2839.0,2839.0,283.93,0.0,0.0,2026-07
Ministry of Road Transport & Highways,Roads & Highways,Amended BharatNet Program - SKM,(Department of Telecommunications),1734,PAN India,08/2023,06/2026,06/2029,,160.0,160.0,0.0,0.0,0.0,2026-07
Ministry of Road Transport & Highways,Roads & Highways,"Subernarekha Multipurpose Project, Jharkhand",(Department of Water Resources-JH),1753,Jharkhand,04/2011,01/2012,12/2019,03/2026,3807.77,9579.58,6040.27,70.0,151.57979604860589,2026-07
Ministry of Road Transport & Highways,Roads & Highways,Amended BharatNet Program - HP,(Department of Telecommunications),1724,PAN India,08/2023,02/2025,02/2028,,1292.0,1292.0,148.93,23.18,0.0,2026-07
Ministry of Road Transport & Highways,Roads & Highways,"Amended BharatNet Program - ARP, NGL, MNP",(Department of Telecommunications),1735,PAN India,08/2023,06/2025,06/2028,,1168.0,1168.0,123.28,0.61,0.0,2026-07
Ministry of Road Transport & Highways,Roads & Highways,"Sewer Networks, SPS and STP at Hajipur",(National Mission for Clean Ganga),1742,Bihar,03/2010,03/2018,06/2025,12/2026,305.19,305.19,346.46,95.0,0.0,2026-07
Ministry of Road Transport & Highways,Roads & Highways,Gundlakamma project,(Water Resources-AP),1747,Andhra Pradesh,04/2005,04/2005,12/2019,03/2027,397.41,697.39,624.78,98.3,75.48375732870333,2026-07
Ministry of Road Transport & Highways,Roads & Highways,Polavaram Irrigation Project,(Water Resources-AP),1748,Andhra Pradesh,01/2009,11/2009,04/2022,03/2026,10151.04,55548.87,27961.55,86.15,447.2234372044637,2026-07
Ministry of Road Transport & Highways,Roads & Highways,Borolia Irrigation Project,"(Department of Water Resources, River Development & GR)",1749,Assam,04/1996,12/1996,12/2022,03/2026,256.16,256.16,44.7,55.44,0.0,2026-07
Ministry of Road Transport & Highways,Roads & Highways,Kelo Irrigation Project,(Water Resources-CT),1750,Chhattisgarh,04/2008,04/2008,12/2019,06/2026,459.97,727.04,620.15,73.0,58.06248233580449,2026-07
Ministry of Road Transport & Highways,Roads & Highways,Kudali Irrigation Project,"(Department of Water Resources, River Development & GR)",1751,Chhattisgarh,04/2009,12/2009,12/2025,03/2026,382.29,382.29,249.06,86.31,0.0,2026-07
Ministry of Road Transport & Highways,Roads & Highways,Amended BharatNet Program - UP (East),(Department of Telecommunications),1736,Uttar Pradesh,08/2023,02/2025,02/2028,,5008.0,5008.0,502.0,7.65,0.0,2026-07
Ministry of Road Transport & Highways,Roads & Highways,Amended BharatNet Program - UP (West),(Department of Telecommunications),1737,Uttar Pradesh,08/2023,02/2025,02/2028,,1917.0,1917.0,0.0,7.2,0.0,2026-07
Ministry of Road Transport & Highways,Roads & Highways,"Amended BharatNet Program - MGH, MZM, TRP",(Department of Telecommunications),1723,PAN India,08/2023,04/2025,04/2029,,768.0,768.0,0.0,0.0,0.0,2026-07
Ministry of Road Transport & Highways,Roads & Highways,Sardar Sarovar Project,"(Narmada and Water Resources, Water Supply and Kalpsar Department-GJ)",1752,Gujarat,04/1996,04/1996,12/2019,03/2026,20718.17,33412.5,31969.4,93.7,61.2714829543343,2026-07
Ministry of Road Transport & Highways,Roads & Highways,Karnal ring road Lot-4/Pkg-1,(NHAI),958,Haryana,11/2022,08/2023,08/2025,10/2026,1741.45,2041.54,834.54,96.66,17.232191564500845,2026-07
Ministry of Road Transport & Highways,Roads & Highways,Bodwad Parisar Sinchan Yojna,(Department of Water Resources-MH),1757,Maharashtra,05/2002,01/2017,07/2027,,1923.81,1923.81,338.91,49.6,0.0,2026-07
Ministry of Road Transport & Highways,Roads & Highways,Waghur Project,(Department of water resources-MH - II),1758,Maharashtra,04/1996,04/1996,12/2019,03/2026,1058.99,1758.51,1642.5,89.57,66.05539240219454,2026-07
Ministry of Road Transport & Highways,Roads & Highways,Gosikhurd Project,(Department of water resources-MH - II),1759,Maharashtra,04/2008,04/2008,12/2019,06/2028,7196.47,12770.1,14439.46,72.65,77.44949954630535,2026-07
Ministry of Road Transport & Highways,Roads & Highways,Aruna Medium Irrigation Project,(Department of water resources-MH - II),1760,Maharashtra,04/2009,01/2010,12/2019,06/2026,210.45,1472.14,1734.71,100.0,599.52007602756,2026-07
Ministry of Road Transport & Highways,Roads & Highways,Lower Pedhi Project,(Department of water resources-MH - II),1761,Maharashtra,04/2008,04/2008,12/2019,06/2026,255.97,1480.7,3066.05,65.0,478.4662265109192,2026-07
Ministry of Road Transport & Highways,Roads & Highways,Nardave Medium Irrigation Project,(Department of water resources-MH - II),1762,Maharashtra,04/2009,04/2009,12/2019,06/2026,211.46,781.85,879.8,75.0,269.7389577225007,2026-07
Ministry of Road Transport & Highways,Roads & Highways,Bargi Diversion Project Phase - IV [km. 154 to km 197],(Water Resources-MP),1755,Madhya Pradesh,04/2008,01/2009,12/2019,03/2026,751.03,893.35,814.02,75.0,18.949975367162438,2026-07
Ministry of Road Transport & Highways,Roads & Highways,Upper Tunga Irrigation Project,(Water Resources-KA),1754,Karnataka,04/2014,04/2014,12/2019,03/2026,770.16,1606.07,1515.6,99.32,108.53718707800977,2026-07
Ministry of Road Transport & Highways,Roads & Highways,Thoubal Multipurpose Project,(Water Resources Department-MN),1763,Manipur,04/1997,04/1997,12/2019,12/2026,1449.44,1822.24,1848.17,99.0,25.72027817639916,2026-07
Ministry of Road Transport & Highways,Roads & Highways,Relining of Rajasthan feeder and Sirhind Feeder canal,(Department of Water Resources-PB),1769,Punjab,02/2016,04/2018,06/2021,06/2026,1441.26,2462.16,2364.12,95.0,70.8338537113359,2026-07
Ministry of Road Transport & Highways,Roads & Highways,Shahpur Kandi Dam Project,(Department of Water Resources-PB),1770,Punjab,02/2010,04/2018,06/2022,06/2026,2285.81,2715.7,2201.94,88.0,18.806899961064126,2026-07
Ministry of Road Transport & Highways,Roads & Highways,Sri Ram Sagar Project Stage - II,(Irrigation and CAD-TG),1771,Telangana,04/1996,04/2005,12/2019,12/2025,736.13,949.87,971.47,97.0,29.03563229320908,2026-07
Ministry of Road Transport & Highways,Roads & Highways,Indiramma Flood Flow Canal Project,(Irrigation and CAD-TG),1772,Telangana,04/1996,01/2006,12/2019,12/2026,1331.3,5940.09,4491.08,92.0,346.1871854578232,2026-07
Ministry of Petroleum & Natural Gas,Energy Storage,Kochi - Koottanad - Bangalore - Mangalore Pipeline Phase-II,(Gas Authority of India Limited [GAIL]),418,Tamil Nadu,06/2009,06/2009,12/2012,09/2026,2915.0,5909.0,4881.8,97.4,102.71012006861065,2026-07
Ministry of Road Transport & Highways,Roads & Highways,J. Chokka Rao Devadula Lift Irrigation Scheme,(Irrigation and CAD-TG),1773,Telangana,04/2006,04/2006,12/2019,12/2025,8200.71,14730.0,4841.09,87.7,79.61859399978785,2026-07
Ministry of Road Transport & Highways,Roads & Highways,"Subernarekha Project, Odisha","(Department of Water Resources, River Development & GR)",1767,Odisha,12/1995,01/1998,12/2019,03/2026,3055.88,7023.19,8327.62,95.5,129.82545126117515,2026-07
Ministry of Road Transport & Highways,Roads & Highways,Kanupur Irrigation Project,(Irrigation and CAD-TG),1768,Odisha,04/2003,01/2004,12/2019,06/2026,989.43,2301.28,2804.16,79.5,132.5864386566003,2026-07
Ministry of Road Transport & Highways,Roads & Highways,Jamrani Dam Multipurpose Project,(Irrigation-UK),1775,Uttarakhand,10/2023,11/2023,06/2029,,2584.1,2584.1,1307.15,26.22,0.0,2026-07
